_id,name,factorIds,createdAt,archivedAt
vMbRHanRqag2xhk9j,single-s0-i0,"jXr5ZLctJgsTbsi9B,6ZjfKLF6SbbdjEkTq,78NBWmXNk3oM2wDiz,RSDZmCux7CeKbQozZ,TBLxkCXgAteXXjLJY,w5NKdKPYoy9drBeL7,RE6NyqM5usdFQLptd,t8tC2YSZba66F9XSC,nHj5rCAu3RJ9e3Amc,QzFuHjANT97WR4mu2,LbnKEh9ieYuomWm3y,ZhDC4ZhjyhCGRwXP2,cCp7Tm9Dm8FTg52zY,7C8oz4teZgcskPjfh,Q5jfRizbr4NLPbJoR,42kqsXhQdCdZAHfAT,2CvteN7NFtEdcsXgW",2023-04-26T20:21:30Z,2023-06-06T19:09:56Z
FWgcjhxvJzcuHjE4o,triple-s0-i0,"22zXf9tr6X2bFR954,6ZjfKLF6SbbdjEkTq,78NBWmXNk3oM2wDiz,RSDZmCux7CeKbQozZ,TBLxkCXgAteXXjLJY,w5NKdKPYoy9drBeL7,RE6NyqM5usdFQLptd,t8tC2YSZba66F9XSC,nHj5rCAu3RJ9e3Amc,QzFuHjANT97WR4mu2,LbnKEh9ieYuomWm3y,ZhDC4ZhjyhCGRwXP2,cCp7Tm9Dm8FTg52zY,7C8oz4teZgcskPjfh,Q5jfRizbr4NLPbJoR,42kqsXhQdCdZAHfAT,2CvteN7NFtEdcsXgW",2023-04-26T20:21:30Z,2023-06-06T19:09:57Z
7KcbyuthJqhRtbuPZ,six-s0-i0,"vhi8DcLi6JC3Z4AmT,6ZjfKLF6SbbdjEkTq,78NBWmXNk3oM2wDiz,RSDZmCux7CeKbQozZ,TBLxkCXgAteXXjLJY,w5NKdKPYoy9drBeL7,RE6NyqM5usdFQLptd,t8tC2YSZba66F9XSC,nHj5rCAu3RJ9e3Amc,QzFuHjANT97WR4mu2,LbnKEh9ieYuomWm3y,ZhDC4ZhjyhCGRwXP2,cCp7Tm9Dm8FTg52zY,7C8oz4teZgcskPjfh,Q5jfRizbr4NLPbJoR,42kqsXhQdCdZAHfAT,2CvteN7NFtEdcsXgW",2023-04-26T20:21:30Z,2023-06-06T19:09:57Z
RZDsi6wrze9ZaRtv7,single-s0-i1,"jXr5ZLctJgsTbsi9B,6ZjfKLF6SbbdjEkTq,78NBWmXNk3oM2wDiz,RSDZmCux7CeKbQozZ,TBLxkCXgAteXXjLJY,w5NKdKPYoy9drBeL7,RE6NyqM5usdFQLptd,t8tC2YSZba66F9XSC,nHj5rCAu3RJ9e3Amc,QzFuHjANT97WR4mu2,LbnKEh9ieYuomWm3y,ZhDC4ZhjyhCGRwXP2,cCp7Tm9Dm8FTg52zY,7C8oz4teZgcskPjfh,Q5jfRizbr4NLPbJoR,42kqsXhQdCdZAHfAT,xYoRk27DDFZS25wnh",2023-04-26T20:21:30Z,2023-06-06T19:09:58Z
hgMZigqpB9dt6GdK5,triple-s0-i1,"22zXf9tr6X2bFR954,6ZjfKLF6SbbdjEkTq,78NBWmXNk3oM2wDiz,RSDZmCux7CeKbQozZ,TBLxkCXgAteXXjLJY,w5NKdKPYoy9drBeL7,RE6NyqM5usdFQLptd,t8tC2YSZba66F9XSC,nHj5rCAu3RJ9e3Amc,QzFuHjANT97WR4mu2,LbnKEh9ieYuomWm3y,ZhDC4ZhjyhCGRwXP2,cCp7Tm9Dm8FTg52zY,7C8oz4teZgcskPjfh,Q5jfRizbr4NLPbJoR,42kqsXhQdCdZAHfAT,xYoRk27DDFZS25wnh",2023-04-26T20:21:30Z,2023-06-06T19:09:58Z
DXPnNrWp6zxtHxk9o,six-s0-i1,"vhi8DcLi6JC3Z4AmT,6ZjfKLF6SbbdjEkTq,78NBWmXNk3oM2wDiz,RSDZmCux7CeKbQozZ,TBLxkCXgAteXXjLJY,w5NKdKPYoy9drBeL7,RE6NyqM5usdFQLptd,t8tC2YSZba66F9XSC,nHj5rCAu3RJ9e3Amc,QzFuHjANT97WR4mu2,LbnKEh9ieYuomWm3y,ZhDC4ZhjyhCGRwXP2,cCp7Tm9Dm8FTg52zY,7C8oz4teZgcskPjfh,Q5jfRizbr4NLPbJoR,42kqsXhQdCdZAHfAT,xYoRk27DDFZS25wnh",2023-04-26T20:21:30Z,2023-06-06T19:09:59Z
dFPhTauwgXjySKAxm,single-s2-i0,"jXr5ZLctJgsTbsi9B,6ZjfKLF6SbbdjEkTq,78NBWmXNk3oM2wDiz,RSDZmCux7CeKbQozZ,TBLxkCXgAteXXjLJY,w5NKdKPYoy9drBeL7,RE6NyqM5usdFQLptd,t8tC2YSZba66F9XSC,nHj5rCAu3RJ9e3Amc,QzFuHjANT97WR4mu2,LbnKEh9ieYuomWm3y,ZhDC4ZhjyhCGRwXP2,cCp7Tm9Dm8FTg52zY,7C8oz4teZgcskPjfh,Q5jfRizbr4NLPbJoR,NhtENMJgzP52MstwX,2CvteN7NFtEdcsXgW",2023-04-26T20:28:17Z,
9YytkqaHLq4aNtMFy,triple-s2-i0,"22zXf9tr6X2bFR954,6ZjfKLF6SbbdjEkTq,78NBWmXNk3oM2wDiz,RSDZmCux7CeKbQozZ,TBLxkCXgAteXXjLJY,w5NKdKPYoy9drBeL7,RE6NyqM5usdFQLptd,t8tC2YSZba66F9XSC,nHj5rCAu3RJ9e3Amc,QzFuHjANT97WR4mu2,LbnKEh9ieYuomWm3y,ZhDC4ZhjyhCGRwXP2,cCp7Tm9Dm8FTg52zY,7C8oz4teZgcskPjfh,Q5jfRizbr4NLPbJoR,NhtENMJgzP52MstwX,2CvteN7NFtEdcsXgW",2023-04-26T20:28:17Z,
co9GxtTZi8ZgiSmb5,six-s2-i0,"vhi8DcLi6JC3Z4AmT,6ZjfKLF6SbbdjEkTq,78NBWmXNk3oM2wDiz,RSDZmCux7CeKbQozZ,TBLxkCXgAteXXjLJY,w5NKdKPYoy9drBeL7,RE6NyqM5usdFQLptd,t8tC2YSZba66F9XSC,nHj5rCAu3RJ9e3Amc,QzFuHjANT97WR4mu2,LbnKEh9ieYuomWm3y,ZhDC4ZhjyhCGRwXP2,cCp7Tm9Dm8FTg52zY,7C8oz4teZgcskPjfh,Q5jfRizbr4NLPbJoR,NhtENMJgzP52MstwX,2CvteN7NFtEdcsXgW",2023-04-26T20:28:17Z,
ctNk7LHzma6qu4Ysd,single-s2-i1,"jXr5ZLctJgsTbsi9B,6ZjfKLF6SbbdjEkTq,78NBWmXNk3oM2wDiz,RSDZmCux7CeKbQozZ,TBLxkCXgAteXXjLJY,w5NKdKPYoy9drBeL7,RE6NyqM5usdFQLptd,t8tC2YSZba66F9XSC,nHj5rCAu3RJ9e3Amc,QzFuHjANT97WR4mu2,LbnKEh9ieYuomWm3y,ZhDC4ZhjyhCGRwXP2,cCp7Tm9Dm8FTg52zY,7C8oz4teZgcskPjfh,Q5jfRizbr4NLPbJoR,NhtENMJgzP52MstwX,xYoRk27DDFZS25wnh",2023-04-26T20:28:17Z,
Xg6TSto2BNDfqH7KY,triple-s2-i1,"22zXf9tr6X2bFR954,6ZjfKLF6SbbdjEkTq,78NBWmXNk3oM2wDiz,RSDZmCux7CeKbQozZ,TBLxkCXgAteXXjLJY,w5NKdKPYoy9drBeL7,RE6NyqM5usdFQLptd,t8tC2YSZba66F9XSC,nHj5rCAu3RJ9e3Amc,QzFuHjANT97WR4mu2,LbnKEh9ieYuomWm3y,ZhDC4ZhjyhCGRwXP2,cCp7Tm9Dm8FTg52zY,7C8oz4teZgcskPjfh,Q5jfRizbr4NLPbJoR,NhtENMJgzP52MstwX,xYoRk27DDFZS25wnh",2023-04-26T20:28:17Z,
iR7SDXzQpALwPMzoh,six-s2-i1,"vhi8DcLi6JC3Z4AmT,6ZjfKLF6SbbdjEkTq,78NBWmXNk3oM2wDiz,RSDZmCux7CeKbQozZ,TBLxkCXgAteXXjLJY,w5NKdKPYoy9drBeL7,RE6NyqM5usdFQLptd,t8tC2YSZba66F9XSC,nHj5rCAu3RJ9e3Amc,QzFuHjANT97WR4mu2,LbnKEh9ieYuomWm3y,ZhDC4ZhjyhCGRwXP2,cCp7Tm9Dm8FTg52zY,7C8oz4teZgcskPjfh,Q5jfRizbr4NLPbJoR,NhtENMJgzP52MstwX,xYoRk27DDFZS25wnh",2023-04-26T20:28:17Z,
eWjMzM2T9sTTcGSYm,single-s3-i0,"jXr5ZLctJgsTbsi9B,6ZjfKLF6SbbdjEkTq,78NBWmXNk3oM2wDiz,RSDZmCux7CeKbQozZ,TBLxkCXgAteXXjLJY,w5NKdKPYoy9drBeL7,RE6NyqM5usdFQLptd,t8tC2YSZba66F9XSC,nHj5rCAu3RJ9e3Amc,QzFuHjANT97WR4mu2,LbnKEh9ieYuomWm3y,ZhDC4ZhjyhCGRwXP2,cCp7Tm9Dm8FTg52zY,7C8oz4teZgcskPjfh,Q5jfRizbr4NLPbJoR,RFS6JW8n9xPSiJ8b7,2CvteN7NFtEdcsXgW",2023-06-05T14:19:56Z,
i2NB6LTtrBpomjGaP,single-s3-i1,"xYoRk27DDFZS25wnh,RFS6JW8n9xPSiJ8b7,Q5jfRizbr4NLPbJoR,7C8oz4teZgcskPjfh,cCp7Tm9Dm8FTg52zY,ZhDC4ZhjyhCGRwXP2,LbnKEh9ieYuomWm3y,QzFuHjANT97WR4mu2,nHj5rCAu3RJ9e3Amc,t8tC2YSZba66F9XSC,RE6NyqM5usdFQLptd,w5NKdKPYoy9drBeL7,TBLxkCXgAteXXjLJY,RSDZmCux7CeKbQozZ,78NBWmXNk3oM2wDiz,6ZjfKLF6SbbdjEkTq,jXr5ZLctJgsTbsi9B",2023-06-05T14:20:45Z,
fbik5qNdR7CieiQ3c,triple-s3-i0,"22zXf9tr6X2bFR954,6ZjfKLF6SbbdjEkTq,78NBWmXNk3oM2wDiz,RSDZmCux7CeKbQozZ,TBLxkCXgAteXXjLJY,w5NKdKPYoy9drBeL7,RE6NyqM5usdFQLptd,t8tC2YSZba66F9XSC,nHj5rCAu3RJ9e3Amc,QzFuHjANT97WR4mu2,LbnKEh9ieYuomWm3y,ZhDC4ZhjyhCGRwXP2,cCp7Tm9Dm8FTg52zY,7C8oz4teZgcskPjfh,Q5jfRizbr4NLPbJoR,RFS6JW8n9xPSiJ8b7,2CvteN7NFtEdcsXgW",2023-06-05T14:21:49Z,
9k3HrHf43QzHkYXER,triple-s3-i1,"22zXf9tr6X2bFR954,6ZjfKLF6SbbdjEkTq,78NBWmXNk3oM2wDiz,RSDZmCux7CeKbQozZ,TBLxkCXgAteXXjLJY,w5NKdKPYoy9drBeL7,RE6NyqM5usdFQLptd,t8tC2YSZba66F9XSC,nHj5rCAu3RJ9e3Amc,QzFuHjANT97WR4mu2,LbnKEh9ieYuomWm3y,ZhDC4ZhjyhCGRwXP2,cCp7Tm9Dm8FTg52zY,7C8oz4teZgcskPjfh,Q5jfRizbr4NLPbJoR,RFS6JW8n9xPSiJ8b7,xYoRk27DDFZS25wnh",2023-06-05T14:23:23Z,
Rgiu4HWicnG3pWjy6,six-s3-i0,"vhi8DcLi6JC3Z4AmT,6ZjfKLF6SbbdjEkTq,78NBWmXNk3oM2wDiz,RSDZmCux7CeKbQozZ,TBLxkCXgAteXXjLJY,w5NKdKPYoy9drBeL7,RE6NyqM5usdFQLptd,t8tC2YSZba66F9XSC,nHj5rCAu3RJ9e3Amc,QzFuHjANT97WR4mu2,LbnKEh9ieYuomWm3y,ZhDC4ZhjyhCGRwXP2,cCp7Tm9Dm8FTg52zY,7C8oz4teZgcskPjfh,Q5jfRizbr4NLPbJoR,RFS6JW8n9xPSiJ8b7,2CvteN7NFtEdcsXgW",2023-06-05T14:25:57Z,
wG8kD5rAHkeinBDLT,six-s3-i1,"vhi8DcLi6JC3Z4AmT,6ZjfKLF6SbbdjEkTq,78NBWmXNk3oM2wDiz,RSDZmCux7CeKbQozZ,TBLxkCXgAteXXjLJY,w5NKdKPYoy9drBeL7,RE6NyqM5usdFQLptd,t8tC2YSZba66F9XSC,nHj5rCAu3RJ9e3Amc,QzFuHjANT97WR4mu2,LbnKEh9ieYuomWm3y,cCp7Tm9Dm8FTg52zY,ZhDC4ZhjyhCGRwXP2,7C8oz4teZgcskPjfh,Q5jfRizbr4NLPbJoR,RFS6JW8n9xPSiJ8b7,xYoRk27DDFZS25wnh",2023-06-05T14:27:25Z,
3TmcapTtJqrFja3Ny,single-s4-i0,"jXr5ZLctJgsTbsi9B,6ZjfKLF6SbbdjEkTq,78NBWmXNk3oM2wDiz,RSDZmCux7CeKbQozZ,TBLxkCXgAteXXjLJY,w5NKdKPYoy9drBeL7,RE6NyqM5usdFQLptd,t8tC2YSZba66F9XSC,nHj5rCAu3RJ9e3Amc,QzFuHjANT97WR4mu2,LbnKEh9ieYuomWm3y,ZhDC4ZhjyhCGRwXP2,cCp7Tm9Dm8FTg52zY,7C8oz4teZgcskPjfh,Q5jfRizbr4NLPbJoR,sHH2TJK29g2deqQNf,2CvteN7NFtEdcsXgW",2023-08-10T15:28:11Z,
m6KqJew2gjTJPr76D,single-s4-i1,"jXr5ZLctJgsTbsi9B,6ZjfKLF6SbbdjEkTq,78NBWmXNk3oM2wDiz,RSDZmCux7CeKbQozZ,TBLxkCXgAteXXjLJY,w5NKdKPYoy9drBeL7,RE6NyqM5usdFQLptd,t8tC2YSZba66F9XSC,nHj5rCAu3RJ9e3Amc,QzFuHjANT97WR4mu2,LbnKEh9ieYuomWm3y,ZhDC4ZhjyhCGRwXP2,cCp7Tm9Dm8FTg52zY,7C8oz4teZgcskPjfh,Q5jfRizbr4NLPbJoR,sHH2TJK29g2deqQNf,xYoRk27DDFZS25wnh",2023-08-10T15:29:18Z,
cgEtxNpdeKeJZifMb,tripple-s4-i0,"22zXf9tr6X2bFR954,6ZjfKLF6SbbdjEkTq,78NBWmXNk3oM2wDiz,RSDZmCux7CeKbQozZ,TBLxkCXgAteXXjLJY,w5NKdKPYoy9drBeL7,RE6NyqM5usdFQLptd,t8tC2YSZba66F9XSC,nHj5rCAu3RJ9e3Amc,QzFuHjANT97WR4mu2,LbnKEh9ieYuomWm3y,ZhDC4ZhjyhCGRwXP2,cCp7Tm9Dm8FTg52zY,7C8oz4teZgcskPjfh,Q5jfRizbr4NLPbJoR,sHH2TJK29g2deqQNf,2CvteN7NFtEdcsXgW",2023-08-10T15:29:58Z,
cGR2FQNDMfAikMryY,tripple-s4-i1,"22zXf9tr6X2bFR954,6ZjfKLF6SbbdjEkTq,78NBWmXNk3oM2wDiz,RSDZmCux7CeKbQozZ,TBLxkCXgAteXXjLJY,w5NKdKPYoy9drBeL7,RE6NyqM5usdFQLptd,t8tC2YSZba66F9XSC,nHj5rCAu3RJ9e3Amc,QzFuHjANT97WR4mu2,LbnKEh9ieYuomWm3y,ZhDC4ZhjyhCGRwXP2,cCp7Tm9Dm8FTg52zY,7C8oz4teZgcskPjfh,Q5jfRizbr4NLPbJoR,sHH2TJK29g2deqQNf,xYoRk27DDFZS25wnh",2023-08-10T15:31:51Z,
dxijgheRXRRhhWryA,six-s4-i0,"vhi8DcLi6JC3Z4AmT,6ZjfKLF6SbbdjEkTq,78NBWmXNk3oM2wDiz,RSDZmCux7CeKbQozZ,TBLxkCXgAteXXjLJY,w5NKdKPYoy9drBeL7,RE6NyqM5usdFQLptd,t8tC2YSZba66F9XSC,nHj5rCAu3RJ9e3Amc,QzFuHjANT97WR4mu2,LbnKEh9ieYuomWm3y,ZhDC4ZhjyhCGRwXP2,cCp7Tm9Dm8FTg52zY,7C8oz4teZgcskPjfh,Q5jfRizbr4NLPbJoR,sHH2TJK29g2deqQNf,2CvteN7NFtEdcsXgW",2023-08-10T15:32:44Z,
rKGfTxzfekuTCDDg5,six-s4-i1,"vhi8DcLi6JC3Z4AmT,6ZjfKLF6SbbdjEkTq,78NBWmXNk3oM2wDiz,RSDZmCux7CeKbQozZ,TBLxkCXgAteXXjLJY,w5NKdKPYoy9drBeL7,RE6NyqM5usdFQLptd,t8tC2YSZba66F9XSC,nHj5rCAu3RJ9e3Amc,QzFuHjANT97WR4mu2,LbnKEh9ieYuomWm3y,ZhDC4ZhjyhCGRwXP2,cCp7Tm9Dm8FTg52zY,7C8oz4teZgcskPjfh,Q5jfRizbr4NLPbJoR,sHH2TJK29g2deqQNf,xYoRk27DDFZS25wnh",2023-08-10T15:33:49Z,
