stageId,score
7xFtg4cMC2Mo3NoEf,0
jxPwkK4kefqysW6ZL,0
w5YyBPhs7Ad76z6ve,0
dWAHSSEvghPASK7kQ,0
m8uA4Dh2muubMSGXQ,0
HpTkBvKTyo5Rze3hd,0
GkpXKQRwPv2u4vC4F,0
J5uTFcQKpmETbmWd2,0
RNXGEYr4xk53MtT6S,0
PZsScZG7MMWwjLvdv,1
bko8YFHhMCGGWHAx8,0
yJ8H8R9oWu2oZS5r4,0
fmfGzyeMxQpxZMqsN,0
bmzr4gF9cYwomgxa4,0
jQNBr2GCyGijv7XKj,0
d8G976cnR5Zgv9sjK,0
8yLzQXgePk8DKARWD,0
D5u5Tpiu9JzYQTpXD,0
r4yWWDijHgSjFCDBZ,10
ExqsKQ8DJqSRkKczF,6
n4NkxkXAhgBNsT5Bb,13
gXgSZ7PBCyeBLsntb,0
Jr3KsNLytHAGAMkWL,31
pQL5ePcwnaXP3MPBQ,24
dQoc6fmTaXw5iwcKo,28
5uow4qPEn9duY4bcB,0
FGc8po5cm3Hg9nKbq,60
fyCmcQjdCeoDum4yu,54
8PTRZ8SQabvmCfKXK,58
Dp5qDQKvvuFXeNYQ2,0
yjFfnKdKjeX9nZQ6S,9
PAwbsWwFcjDb2rHSm,8
hy9xPuvZHinvnxzDN,11
GJTcJ8P3urcZXMTrC,0
YqF5wiTM9GnojLecM,23
SPfvgJFmw3awX6fqH,23
BJvBXWJZ3jtDhfwAr,18
JxpHyGGsjMdXYS244,0
77wiP4w9pKNDdLqoM,13
Jz7cWTCfuazcsJze8,11
7ToXbWjKSjwFmhyaK,15
f9FEXbgctABfsqfry,0
zFFRXJaRMKv8QxTbo,29
L3hxYwFQ6ffhJxt8z,53
YrLTtxgP4SD7RLvJ8,21
Ekf9uqkaJevebB9zo,0
DY57AasaZGdsDXcbC,0
tgGgDsePhwDyKgCwP,0
txgNfTrysLRY65jCP,15
W9ciBehpoqkQSuRtQ,22
kDH6gr2vkhZPXcuun,19
F6FmbRtRQCrN9iu9N,0
hk_bae4fbf22703da03,30
9fXEjJuB3HxcPMu9h,28
oNgiwPiBDT6vE4HQF,28
e2ennKxjeabEa6bqi,0
mjGPGyycGuoLK346R,32
xxg6uXPHB2zt5ScK7,30
ap7n2zGAeHfyQGDiv,21
izsge3ad3T3gP8XkJ,0
dmsFfuqtbXsTHauPs,11
6jiymodmycEPq2Zve,8
sjpfm8TMPWq9i82kv,9
vXeeMbJdavpuaPLq6,0
7BpwoX5rSFcEYH5WL,18
GeWLHGFvyxrD6SNt5,29
yHiQWjo4pgGR88RLe,20
DAAoff3arq5gRL6yk,0
Fvy9cQsJoMRvXXYww,20
MEkbxnnbuwSJW6mZw,22
BJoQ9JHWWsvaitPmf,41
Jz7u4HQtfhyBefSu9,0
mPSB3oaGgruuXCWzW,9
FPupNx9i5esaiAiT9,7
WK2BjucvxShj7ySAx,9
LjJ7SyNDXwD5bmBqq,0
fa2inahW4Gm7F5ZDu,36
mbvxLkuf9jXbSNf6c,29
kSDnHHWawynQCofWr,39
xDwPpnwR9mjt6aJay,0
igSN7H9ntCdBoEy7X,25
e3wLgPLmpRbifziLp,17
rBwNaJ7hqerdvuWmy,22
SqAfD8BeMEyA2bjmh,0
C9XYHm7KnTry5jcpk,18
SStvDNDhJmxpjHQq9,18
7CZvRNdEadXsBWbzm,13
FaSbzvYk3G4b2frZ2,0
B9Rj5WR5nppXFa2x6,52
wQaL8xDe9viFDRwfv,60
gj3aLivx56xCaPPat,71
YyCAEA6fKFpRY8dGE,0
C3ygnyQNaTEitHYm8,13
3fmzNYQ67jrGaY9bX,14
5zPYgQF8tnhJrko2g,14
8uKgfa2A2ZJXPj9yB,0
EAQ6QexmJuS275Cef,19
3WdkFvvPBfPJE3KuN,23
xnDuZoaDzxbEG9uJz,18
SknBZix9Ti8coJD9w,0
8uwRzzerA6TDoSPrz,3
bGSZJTcba8SjYn55K,0
mD4wPDGe74Jw4pYwG,0
DYCQcDR6jSvNYT9PN,0
EQ3YFSWBQjpiSoPTj,13
qJiw8eeWJudAS9dBg,20
NrGe7DpxhQxcj8ezA,34
Xoyt44pgFfoA4ryCY,0
cdEdbcy49ugtgDT9H,28
u3M6JHADLe6nG27bs,36
43YPwmxEL9mHvC82X,33
cKrZfALoMN5R7AzyY,0
3uNqQWBPAinrhpWG8,28
sxopH59EPedYqhFMg,34
fkaZ8Aik4bbQg5una,34
J5hwWPCJ8RYyvhY3W,0
svWQ6i2AuzA2t5GZH,3
w5pxm46pWM3BgxiJL,0
KYgNJmAxyYaq9PpZD,0
i5ZN8N6zqCNZjKnuC,0
wYLuxXbFoyinGdEsA,18
6hJuBXSicPHRuRx4D,26
7mBm9CZRJveCxte4f,23
apYZw2kJdgTmN2GT9,0
hk_533a1aeba64971f0,32
atN9mkSie5sDAHewB,63
BSs35qiauofN2aJbE,75
XTHoZmC2jJ8dWC4cK,0
KzBZB8ciSD7rZpB3T,21
E4txwXaovgF6SNaxF,23
YehZsvxWCTSJW9h2g,22
7eGd3iFppizfMaumc,0
S4t7ZM5M5K5Pzdftr,18
MYGH63ej474e5uExr,23
ebX7aoDpaufWTq23G,18
dHDdfzjKP49RXbce6,0
PGqRqt22KaR6cQGLv,31
F7mHpsjPrqYoN8oZT,44
K4xsSR8eTY73Wb2mg,74
d4ej8pzHKFpkMTgBD,0
YBosXwaDZPPK5L6d4,47
PdkAT8MYk6MHQj8Q8,50
3PWoJcQiBWkfEidFj,53
EkLGvXB3X6NQ6psSm,0
yYucRXzgR5YaS9D6P,21
79L8JErybypYbdsTk,25
vADW29pGTSzDR4QeZ,27
6xBxmzERzmbkrLCpS,0
uio8YbHLL8w95Dhvs,0
XxiNZDWT2MaXwzvXs,18
ur2LEbMHyYQ8hxx5T,22
7qizgT5QNmtFt6ZAG,0
YfaBTnRkix3rasHru,17
hdrzr9Ci52SwghZTw,42
Lk3zfPSphTsCwG5Rz,49
6wPzfkS2Cw6KyhZQg,0
9Lh3xGpcczkxknngH,0
B5jpsuD5kmLvPZRcX,20
87EQBbP5W8rBd5snG,20
KjWWGX9ogvbZAqXB3,0
DdMBL6DT9Yh5ByMn3,20
kBnQrSEmLmssP2vL8,19
NXihKc8YhGQS6Mkuo,22
MF6ueA6c2A8mfGGqX,0
dcZsqimRrcj3QgNru,13
ReMPEr8tA59FZSmHD,22
wmSEwQrQB8Bh7keu2,18
PMQJZnZBhsqrtj2G9,0
rFJPgHHZFNsRMmuDz,13
qi9xKerWSsd9jSDNQ,20
6eGPT3oYLacgJj2Nq,21
7DDJTgeDiv44RmZpt,0
7iEGKrAHY54Mqdk8A,0
N2kL6b6siNs3iJ7Pb,9
QC8J4ysJyQJkyr74J,30
Xvi62aTsaeBtYZxfS,0
Nw4LxY8Fbc4MHjo4z,21
DQdbJENq9hvYCsSvC,24
YCvmTeqdgepwmqoHt,20
pjgeGKMCADZDH32p3,0
5JiJfCQzPTtDhdhhQ,17
n6ucFsrRxoSCPmC4K,32
FzTujDMcCmLujrcMH,31
sSBGyL4ctjBzjog3g,0
89DLQnj5d6G8Q4c2j,7
bsyFn6Wrjicsg6xye,10
qFDuYhZnbe7xFLXCh,8
nLrFStrAfLzuxFkgr,0
zwczZQEb63d7M8bAk,20
gyXF6icundammH8AD,29
3JSz56vKfNZbQ4PsZ,29
TaEq5d9SxctsuLhkP,0
yEcbpRHD6RBJeBRaS,36
SC5ZsZRkPiWaSLetk,31
FsFj4SzxDhhokh5Wy,37
6sfNoBbSEzpbf8rAy,0
GNk9mKrafPxhQb8wx,18
XJF3HtC8HParmgtiq,8
zhh4q4gumsxE6et8s,22
pjhJtNaZpe6zvBt6z,0
2aegyHe5S4R4uAGQw,24
qW4hSkbRb2JBpkvuG,36
9Jm7gaXpForW6Nj86,54
RhamBN5i4izAJ6wk8,0
5JTunxDsGNfqAA5LJ,19
bvJ78zWn2GrEafLwJ,15
y5oHkxmZHuHgGybFD,20
iEsALbsPzhcrZD4rt,0
uDZKXZbxaaynFM68D,21
bmn6aPx9s6EfqJBFL,16
6SRH4FECdQM8cJSnH,25
jX6vtMBYBksaJP2xb,0
fwgfpKAJqbKsbNYTN,11
qThqjASv9zLnjuLqA,12
gBaQuPXXAbbFjHw3i,14
qzefaupYt5gaFYKLk,0
ReTG4cDSuqkEd9YrN,0
3YjuGrZLRBYWtvv2T,0
EA2YCcW4pPhv5bzeL,0
hk_2f0c39e1f4c36569,0
af94LQDbeSWfGGbHC,27
FPpunNPvPkbNgvX6q,22
LYexpK8SMt26crzcH,27
jPPGBfi95rpc3QNKB,0
4XLSYE7bGfrA2cZHh,29
ZgtR2hXS8KScvaPcW,30
wix9xHqwvSWmKyvXa,44
a93XbvFNePTgDauhy,0
D33DBzyrdrQo7oGeX,47
56CsDdfNv4iLsyKAa,40
3nQ9QyhPkRukti3Rp,64
dGnaFYrPN9o36z38b,0
8aTdbJX2LE3eqvdFn,50
xyzsmF9qxbL2iwbjw,45
RWgvCWCYRzpPy476W,50
NsZvsHQnGvQiTJqpn,0
y3bPBTKAexh7At4hv,32
Ka4NLAA9iaoFAKm9y,26
dPzjCYxcSpp2f3kC8,24
vqQ5x5nxz7zw4DD4Q,0
rGCsENWqPjZQes2ai,10
9o6g2xxbNQPaXm5BC,8
kAo5BquwZYtTm6xBS,12
2yMt8qHHEc2vHYQyT,0
oM4iaXdivn4vJ3jbk,11
p4AtHwrYa2cDbwTdA,9
GDeeKS33AsX7YXZYM,12
hk_765dad13187d2a55,0
hMNCoo4Q4HGfiKuQe,28
y3PPeMoYMuW8D8EeM,36
F8y7ejf3KdJepnQYb,34
Wcqt5CjzYfabNuB4M,0
Tk2NmFd3Nv3C2ac4j,61
TNLggA28GKAZDv8sA,67
5GHYXZJX8LfMdcE9r,72
FrZm7TiPtDeieETpW,0
MLT5jYxx4zP5pZBwn,21
L3Rv8YDmGgMD5eiA3,11
4WRimZPXGSEZ7YAkj,16
wHxP6w4muB2Nc2o6j,0
gn6qecDZEW5FBDszP,16
dfGEeBBT6Cp3HeWvS,13
9HhyKTy7MMBDWQJBX,16
9doz9sEpKd4GFRpuT,0
7q3aaXZrdTgxakk27,20
2GM6QmYZ4SZ7YK4p4,20
WvLRuuis9LQthzLQ9,20
PvJPwZzP9RRNLfbNb,0
23KfXfkQ9vJ2vXdHQ,28
a3C6e3Zy8Lde7ZiTB,29
zzY42pkcdk7954QAW,30
tYvc28hh7RYeScr4N,0
QhukgDcfb4kY2Pzah,0
gte8sHR4EGFDfcH4q,0
TRsgFzEZzhm3sL8Ms,0
qembtjsdzzPQS9orQ,0
TStp5N5B86t2uZjy6,17
f4QsTrkHGmaMRr2ih,11
yfJqMs4arF7Hvodpu,6
3WdCrgxxNbqCYXFk8,0
bS98jrTFsE4mzY43W,43
7Y8jB6kgBjdGYNm65,35
mpM9bAz5Xgcnw2b8i,42
cD7nsmYmJgheYgtvK,0
RutAKcM654pJkes9n,38
GAqqLdBFiQLFpeCE4,37
iMMczurwNDc4nXxZi,39
BiS4ZS64SQHeYb2JA,0
zACxyCvsS4oYC2yAw,27
xiRBtyypiH5K9eE9B,21
sMb2NcXLmHoTqHF7c,25
uMKFRc4RNGBag7tQb,0
FrkoTmhXJHDk767mG,24
HW4rfnagzDGsHkNjR,23
kDqRzM99ArXS9pcp5,29
uxxMHoDd5Kgm4bYKA,0
d2HK3uXXTF23Pc63A,38
Mc8bXRAfS4pjSjJuu,78
4FX6BaW6pgqjFtrGM,86
NYMjgEwLY8Emy3bka,0
yvrdhYmjG925g3rAC,13
koc2zynGPfJfCJvPx,12
NKPz5g5B8iytNzccN,2
cbXnKzcyT6Sv8xL54,0
YYZ7WbdgKDrT5xamX,33
3z65rH8RhHWL9Nt6s,30
uoyQup62b9v4pPYuq,35
T57K92e6iuijbxZ7a,0
J5HysiTL93GAiL8eB,52
R7CpbQhi9C3xDiB9H,52
8tJF7ZA8oDNMuia9m,68
NPnoFJjx35poN4zcK,0
iKe5iQ9hMcM4FQzyi,32
L34KwJt3NGyB86mfG,22
d6ce4Q7YoYgqnENKt,31
6ixGvMAYkbjgAxCpe,0
GDX37ZpbFJvDhefJR,33
WcrKiA669WMCC3RAn,31
bLH2fAg5Ea5AmykWD,30
SBGjojdYsezSChjDo,0
24BpLkjqz2cpsTRoQ,0
tmpE6mie7FHSopEMX,0
Lboc8ahd3XtLGLsoD,0
tpEkFqFwoHfvLubNy,0
JMepxZR8WGwmuPXjx,28
mnR7hb7Sxsb2ng7FP,23
EmC5yeFQXiem3iN3X,29
GM4noisqXtXLHQjYE,0
5sE4bCYky5qWuyvug,53
3tPMxiT8CFDFkSCaj,63
TzhpS3RGH77sydPdR,60
3De9P7rmbtpZ5q3cm,0
SARnKwrFG395WmLxq,70
mKrAiYr8r7jSTPSyM,64
QB8sQkQro75cxS5sT,74
CexYE6GaydeXWFCKs,0
Q3bBeHaLumGN4bLCH,45
mFCnumeM26nSd9cKM,21
CobhCXeMqY4T257GK,33
9u784fD5PX2LrZ39h,0
jd4sh9yAj6RFeEhJ7,10
gJxx5RBMB36D5K6e5,7
ZQd6apPZF2WdZCSsr,9
CEj4CzRYzDYBQ7EpR,0
pq8DSb6xjBpn3MJxo,38
qtZoB7FvCFzkq2EQb,32
hqvEqbPr68a4GmkAk,39
EFbLnuj5dkQBw6PWk,0
BHHuxmmesFQPD6Cks,14
WnoqpZy9tCMnCZrhd,23
paT4CcCNm3c3BmoKu,20
xw7MS3hsEveY4ZmWB,0
4SLJH4aESRR6PPeBn,0
YbKDzuabn3D2SrgG5,0
4Sh6xEoP8936sfa3d,0
KApqKTtLXFYfGMoc3,0
EwZpvvFd6hKqN8Q8X,0
LFiLrhenSaCc6jY93,3
YwpuNjpxR7A2cCcEP,5
Gu4RNgr47YA8Xyxe6,0
imvMXRREeRM2gbtuk,22
KLoJnaitM2R7pepHp,18
JRcurozcwMbJ72imN,23
jM6xgE7DmnMXYZRcS,0
iQz6rZvv9JPGHvtSN,26
FxHiCmGHtzX9RHjEb,10
2h848Ydy3p3LEgzHX,29
BMDkZxPe327cSDtxw,0
hk_5cf764be37f9df39,21
9ekyC2BNSQkZ4Z6Qu,18
qospe95uXHLXZSFY3,22
CSC2YK8dLrvvJdM4Q,0
YkufwEipaQaca4fPG,11
QoZfYkjTJ8P86v32D,19
q7B6zTZrbWGDQjQ75,16
eNFbAnxec3pg8bid9,0
jMQxLWyEeoWNoxexv,31
ot7gbifXcXXPNbpoa,48
Dcd7RffBxZoYNnR8F,39
L2JGdZpx5JT28hqgN,0
hk_e485c1f3bc44af7e,22
Eh4YesMHkGho4o954,23
KT6ZSxonetjEvNpYG,22
dhkZKz3qnfDYagqn3,0
X54FHdW4tWrJ5EkCY,13
FBxtLfBdqcgRxGhc3,19
3xfNqg4xSAyiJTcqY,22
n5YxmgLyms2P3zGj5,0
RX4PvrAP7qk5zDwkL,26
M9tZBC3kptAzpPE55,32
e3x4fNreQdku697LD,15
wtunwmHY48JgoLGCi,100
oc3wCH7sTwzZwsuY2,0
kgoKoeLZess2h4aWn,25
9TH5QrbuB7Zr6uz44,0
yQQ5nY88rW2GDtSCL,100
uQE5S7TMcLDRnrSoc,62.5
GJuGCHFDW7rezRk3E,75
MWWQmx7YBTTHxKEjK,100
ooNZv3Po9CY5g6omZ,100
dCoDHZmbBRXTHWCMC,100
XyyNi3wEv3Cz8qYYp,100
EqzYxmCkksMhP9YiT,100
CTk97eh2WQAs2Ct59,100
JiFvdvYqHWpM5YLR6,50
kWp9rPAAgsRcZFdgM,62.5
XDvm98Jiegf4CH24L,100
qmFxn3eWrfJQsiiEi,100
JcvRcdMD6pauN8wz5,100
mLP82Dj88RKrrYieE,62.5
mXwtJWTDCudyGuawT,37.5
JiRWdtbmcKYnx5pnE,100
4Khaq2nb4Bv4yTv6F,100
dwPiw6rcgoktsfGya,37.5
kmHZtd73WvY7b2yFg,87.5
y8re3cGhvwve39jML,100
HS5GtcGYYG8Pqvcg4,100
Ke7QtB5TbacKWpJNC,100
Co6WME2SdJsfWo76b,100
JwMArp4wRSWLGpnMh,100
NHNBLfqyhvksbLAF9,100
kCt2hgvZMAyKiy488,100
fDxgTQCNoH3WXCdcK,75
LZMfSsgWWnLFWfuBm,100
jfY9XgGfdPGbnxENk,100
z7R9iE9mgrTY9hevA,62.5
xGKLTR3EiPQxWyhoK,75
4jhHtz5EkuoaoJxK2,100
uhmZYuEmX95Pxiqbk,100
LC2fdwmYAHqJSnv3h,0
ESfojbZdJo5iNnTK8,25
sgPtLrAaCZgHpt3hQ,100
unHywZXRQRfHM7RzS,25
fPnBZi5vqKXGZ3dPN,25
GohcvAtfa6bzSwehG,37.5
3hPJjMNHczNEiA7PY,100
ZNSnSiNmSAF9ZEv6B,87.5
rW9942cA3cnXofdzq,75
Yxw74Rtb3d3fDDQBz,87.5
xXJ5uSdnuyswrRyjT,100
oCt6n8TQG8qJPDWan,50
bhqcW4sgdvzsxhCQT,75
iyCxpJg2g5RSr9jme,100
kFT5Y6a9o7cheSDr2,100
B9tqshzMSBrFruH29,25
WzZkk3BzqLS5NBe32,37.5
vWbJE8b5PjzizTFib,50
KzpvyWNdsE7xiPhLH,100
kecJa3MPyhd2JAyx5,87.5
uW4zQejiDxv5c2Zx6,87.5
d9fTQBAgoAvSoy5ft,100
auKNmvErEbD2vWoME,100
ksPE6BMFFtPmqd4nT,75
oEhTmX4izWkfw87uf,75
97SuRoWmvwr4v7tEt,87.5
LBQg4biQcGH3HH2to,100
yEvxgL3Bn8iPPWYZM,50
52DCWuaXqdrvzAeRw,25
ddQ4WCxBMYC5ChXQF,25
8CdwhFahed6ZmDmJL,100
FMqQGi42cEu5c26tF,100
9MYrMYXYBHYdiHsqL,100
woMxu9hAvvj2wJ2he,100
4iFjdwGiR4txFCgfD,0
ghmXLcJeAobTsd2e2,87.5
fnzaySpMbmnxSwZeW,62.5
57kFuAbKfARujAhoo,87.5
KyhoK5Axm64LsNXbC,0
xiFbhGizp7ePD2QNH,100
irEA4tM9xpjpjhD8q,37.5
tQE8fo6surYeXQsrS,37.5
uC7bNaoxBsQGp9EJW,0
BepTAWztFqiE2fesW,0
vmyufJJnvsrvBXwJ4,0
ozKkjwEsjQ6fknJC3,0
adNchqLPio7fn5vWP,100
Fn8xZ4sEf6Z7eJWpA,100
fYJr2BrwdBLqNkmWA,75
ZQobR2TquG6fugNgh,100
3jyyScFWKnKemvJPf,100
jr2msgPRWBZnqbNc7,100
fMWgDZqRmYWEsR6aG,100
XGShmRpc9SqJ7nKJD,100
5qACQhHssqhhGk5AC,100
XJR3rH6dFX7W5AwXH,100
fqEQAuYsRW6jxhEtr,100
PE2pHT9M3yq5TfwCE,100
yK6XGHDoHg3DrvC3Y,0
Et3aG32tWTC9xprMJ,0
rTyHJdgi5vLdJu3JH,0
doc7D2WvQcFCgvbLD,0
Xpa4f6ZwPqsxPsroi,100
dDeXtffaQgKzZD3Xa,50
85jGqn73Qby4bbtdj,37.5
DBhzpsoXEYSQxp68u,100
KyMQQrn6DroCuYatx,100
dJ3pkJ464Zgqhzzb6,87.5
8HHAnJuG3ck2oRTQZ,100
c5tpsjdoJ4cT8wiSD,100
TY2mhzr2KTTx2kig9,100
YcQ2hWRJvxxxXQp8w,87.5
LiLa2W8JJeam6Rxp7,87.5
4KNNrG2GeEex8Px5T,100
3AtHWM7YPENdPov57,100
cE4HqFjj59qXartaS,37.5
hapLzWXA5bsmHQ3p4,12.5
wfysqkot6RPXKQkjE,75
KAPWtDp4cFq2ApCrT,100
fsDC48iZb3SW4kA3P,87.5
txxj72mb8tN52ZMQs,75
EhfJBLfuttNYkQjAA,100
iqLqq6oZFFGsvKtc2,100
rNBZ8M9AukuTL5oNu,87.5
fMSSbSZ36kC2jNkeT,87.5
tgjjEphrumXnJb5wt,100
wRvkGQveXvo4Mdoa5,100
2x3dvbfxM9uW26EKd,75
7t4gJLWZj2M6jW4of,75
hk_0e722fa3292bc073,100
g6N4DTmTPFBG4XWHM,100
EwkTJXH98B3xaeDCz,100
xsQhfuisH8rHkZrX3,100
xavZqpdujBconz97x,100
9gQuipy9Tg8HHwjTZ,100
pAk2msDTH3xshagHB,62.5
Chj8wsY4h6Psp5hiT,87.5
NkiXZ3nsTuyNbBJqz,100
ddRh8jshAYXanpdHv,100
zDjrW4HGjenSp38nd,37.5
ZaXx6hF55vtEX2JaY,37.5
Fv4HrHQT9syjNbFsw,62.5
nh3MtZ6YMfog3Rdz7,100
q4c6czyBeaYpJ4fMw,62.5
rASrEXAtWP2pEsyKd,50
sJsJeTAbm2qZH5gW4,87.5
TrgnxTdfLrs9rjK7s,100
RTHST7TBbEHsbFf8a,100
hdSfYkRTMsFXKpsob,100
rrpbTRtFLFGwPmoxQ,100
z9dBgBMoxXx2drbnL,100
dTjM599yuCDZSv8n4,87.5
aiqnsh2PW72TCAHEq,87.5
hQEPEyNqSS2rMRkQk,100
zkXF7vsYArcEPRSmK,0
Qm77xWHqKwPqQ8Kc5,0
QBkdJfejHMnqApvBX,0
TtLhgTMEsy4eS6ERx,0
LL9ZjnQAbDK5BEkkp,100
Wbeaxh9Dy6juh4BHX,75
hjkdTDziNnM8RS92R,50
ihQLyuzzwTaWDCHTM,100
s9kCLjjMiedwhaY9n,100
YXdhFKaW6qecjfDET,87.5
Zz7z7Hm6pfHikfrvj,100
wCdKYgZjhiQ264vq9,100
eFRW4RBvv3qkA5bQN,100
3v4mCPWKLsdiuTdHX,0
8AW3RuKmALjdZgauq,0
6FMf4qiBmLfBcgtGz,0
PaCS9WCXrbwYpPQ7o,100
PqSC8odDyRM3deDX7,62.5
kse4kWPB6byDPvjqn,100
CFqibdx3BrPnvr6mc,100
kENXgh9t4Rb6dbsnC,100
6dq7B5j2r3aPE6NPC,12.5
GnB6eQXkA6jRFcYtp,37.5
CQYiWEmDgssdGi23s,62.5
LpomcKNtCKKy85vfr,100
Lrdk9qDTtbzCHRW6Q,75
LMtTq4YBmrBNQz28d,100
b2EeSn2caT8HxDjsF,100
CoapZxCXPpFTfB9o9,100
Bq29p6GhQvr8MM8gW,87.5
wkCQNqECawrt5gZYp,100
iucFgFXuN9yvjWKtf,100
ffSQfGLPpqNLdvuux,100
7esRj4bFfvdGJgtco,87.5
3fTpY6Ttvgu9SzNa9,100
Rp6szn5bKW7D968zr,100
ehHmvpaZTDbSqFBpo,100
2279a3gi8ERfCfusv,75
TDEgNbaALuCpPPLym,100
8sJbfL9sEuuYktYLa,100
jqau8P2jPYnW6EuqW,100
PuHejZZwcWBCqgBEE,12.5
8LeT7Rjh2B8XTaWa6,12.5
EjGKNcRsEWGPj6neS,25
Lkni6ZoyJjzGHoXSB,0
9MrNQ7hcJ7EGcQgoJ,0
4Lx2pQtBEjgowJre5,0
gS4x4ZnqriKDmeGSJ,0
aN48ZMTH33CLtXsj3,100
EbvvZshFNg9C9PAzw,37.5
d2L7ZDcnR54eHi9nP,25
otkAh7YXSqF6gRPYk,75
o4Azp2QTYskeFmWbj,100
FZS6pufFxkXZgCkGs,100
bxbBNc2F47qztcKrw,100
4nWs9KQozQiQ9KNy8,87.5
yMGqrjSqpvPC56mPm,100
sGLmhvvYyamhcc9SD,100
8rZYB4Fmc8QJDNDe5,100
JMm9iMHj77hqHx7kW,100
Tr87rhQ82tzQvbTQu,100
FP6fWDSP5Q48obmXK,100
sAGPxN68CL5SfApoe,87.5
6SvP6kMFY3uRHuF94,100
hk_f015c2d8a21180e6,100
a8ZSMS44iuAqqynHK,37.5
xzefrtfF8kaEauuZB,100
Y7HwjoW2KRiBMRvTd,100
ckTnGYXMsb8fFz2E2,100
hk_ce3625fdaea8e1e2,12.5
jX2MLTzHFS2pjDEcc,37.5
t4f9SxCL6tXEv76YH,100
DAF8tAKMC9eLagMqy,100
3PC58ntkgYXXZYsoL,0
aPPqEWzWHgRZn4Rv8,25
egDEYhHLhWzTSXSg9,87.5
kuEFSuH9Dku7AMEZa,100
55uR8RbPGt6e2dSkS,62.5
yGnkbKWnzrymv7s3p,62.5
TP9xa8nirmrctueDc,100
GeBhuoxT7KHmg35MZ,100
J9bqY7G4M9Bp2fMeB,100
qBpnYREtXRCW28E4b,100
z37MSp2crzYkNSuG2,100
xJsYiNd9kghDmsM7d,100
hk_ff1360a6d6979a50,87.5
9crsr5T7jyRiTDkjA,87.5
oKbssZZZSMCk76s2Q,100
hYGnkWck9NqdzKczB,100
PtZFLLc9J6c9tpd5C,25
hk_4990cc0bed864261,62.5
jjbuDYtnwGzE23HMv,100
iuFiYhxgANdtJ5S28,100
KSQBHPJs6Wu4xhr3S,100
a6v5Qw3tjFwk4aPmS,100
jiY8ZGBzJ7zupd6ig,100
JDGGzTGKqyx9pma9r,100
uQuNeNjm2vXjzPN5N,87.5
HNs57fMmiou9YKSqY,87.5
dXeGMKiiFXk3X6CbG,100
vWeC2QmKJnAGoftCT,0
hk_5a318b755a1084bc,0
nwk3k7QWX6N4ue7bT,0
SsqmHddyNJZ4PbT6f,0
saRYvqpc6w42CXxrn,100
hieC3Zb5gpvRWhQCh,75
s8A2hsHbeKWAtuzF2,100
ZdPZwsvBEwzeGwPgY,100
EAxXsQNoZywD5q3fm,100
TtgnwaeRCHtFwhu5R,12.5
8CdbpxzBmmygeNHk3,75
na36S5hLQSJWm75sk,100
EacDs35ofovstQMmm,100
KkYGBcQ598hyS8nu8,75
ghFG2ZfYvhvkqBtpi,87.5
5QJiMrxRzsTG5GrZe,100
jcHp6iZTjmX4WDd2h,100
Ne7BfifP4J7MWA2YA,25
yNvGv5NBLG9ExJQxR,50
hk_c34ec633c5e3689f,100
iRLHpZzZWdc3qMZRx,100
2tYfw4e3K8p2kv7wh,100
ZtAHmvWWYA5FGhqEw,100
k66K79gDpY7n3TmgG,100
M7R2fq5BuTBvejb89,100
fsnYx8TThqNYZMwFa,100
c7BLh86qRvB4vmQar,100
5ZAvtbtg2BTNAydCJ,100
jqJCdvgxiEQcTefib,100
ysb4uWQqAaWmngWq2,25
dJKKdDgwBk2zPCNjC,62.5
bi9Tst7FcBSyTr8Ts,87.5
fCkCn32tEM7DhMRcP,100
yKxkK7SbG4dBEGMJx,37.5
7LqYGvf2TuXxwh5G7,87.5
uSZoapEB9s4awDnjW,50
8yKvkqoD7dkwBSqCE,100
sB9BxpXiKz9naCTBT,100
nLR82YoR4mQS3bD7d,100
NADs7MNZicooSPvYE,100
kTX8sJsTfAHbs28CE,100
QFHuxhsq5qXbaWAk8,50
GFfzAspbHsF3Q48Qw,87.5
oNkQcMiRcnzhEyer5,100
XLisZzjg6MWzMNNyT,100
DrLWeyBAj9FZcEXoA,100
s9DA2XkohMcNfupb3,100
zMBqDhugnEuJjfpmz,100
pkAaqJdecCow2zYtj,0
WuQdxz5nWS3zgteeB,0
dN9Z64ybWChqxrr6B,0
x2im5obhpuqJipqwj,0
kJSDPWRk37u3vsJ9Z,100
F65CCpumjddvbp8EN,50
zEaHFGWFpGcuuKYrh,75
C6DSn6mxM4pMcTcrJ,100
BwaeoLCAFT4PdhF2N,100
mSqRbjiFLrEnQ8gYQ,100
TAEfwnhdqucwTq2vu,100
hk_f4d548a98dc360e5,100
jrs74hEJPJDWwSAvx,100
Nrpnf7dCh9RFdCzjX,100
hZbixbzun5RpjZAn8,87.5
R2eSmR2rXYXQefpA3,100
zzSLmyLykz729myxs,100
JLEDMwK4KS9oyKb7Z,100
Cx2ENKoz9Q4NqX5CL,100
Bjef8s4SBgjGm6NT7,100
vH8LsS3jnXEdQm8FN,100
qXZYSYBhCqrabbnY8,25
FKYMazR38mvkT3Pyi,25
qNLY9ZxCNitZpqvyJ,37.5
9z2QSgeLnM243mKzA,100
dAwhXfTZTMpHfaxaG,62.5
n7wQkam8QwmXpoTiY,100
8wpXWvqvKtRYoruYk,100
mEysegDLxLcAope9A,100
EQgLDesJLEt6bNvHB,100
D56sPkdWFbXuGFSv8,100
FXkhaAkqc2gtLnQfo,100
SZiuXFCMuXArHrL9T,0
MyjomHLWS83ZqMQX8,0
GThoQp5ANPFaDXc5Y,0
2tJSiHZdaHEwy9z4p,0
odJEXvS4MmRiouDp3,100
FWoQM6oETa2LWqK7z,50
rHgyyebRzSiBJY4Cs,25
p2SiKmR64TfH5LRSD,37.5
gZe6tnQagDBjCR7yK,100
2uAsmDDMQLdfPc7YC,100
zbkmK2y4DLvYRqsDR,87.5
JgwmXH97dxZJg5RJq,100
ZyLbd5owS2xCNtsKm,100
qGQCS9fcDSWWnkgrJ,87.5
P5dgTrYwsNJaHtEec,87.5
R9oZB83qvvkeEcnC7,100
2sByhShS2RcNPQueu,100
xFM56ZfmCihi4njPQ,62.5
jfQ3NinWkoTk2eF8g,50
7AXqXAAA9oE2aGypu,87.5
shmcduzzMor5ixBsN,100
hk_c9660c5efe7c8634,87.5
43XRYhwwkEG2efP4e,100
nysHLiwFNAGJCjpq7,100
tEASbce6voS2JQ77z,100
jtJ8nn8nj2Yr8Z38r,100
6ThikNT7YXWvYskuH,87.5
44u5haH9d4yCR5ZpC,87.5
BBWnabKod96JaHrDA,100
LH5CfhW9sTcPGN4o5,37.5
bY2QKw5zo74wp7bFn,25
Zci5MKBT9SegSmcsL,87.5
uRAYR94wkMJKtkvd2,100
aqua4YXqhzPSDNo9p,25
n8qfcJxRgePjv6ZEF,100
SpuF7eZGeeWxHzt4u,100
JPm74N68NSovCAeE7,100
mB8mJigYepujepa37,100
MwBnPaKZLA4mo3TDp,100
HFDaoxFqXEixjPDvM,100
pEEy9gHyTDwhvZ9bR,94.69923339503137
h9thXkevg9MuyxEyw,62.28318222079437
98SbGwkmYuBLf74Qc,97.87979990272125
pBhPnSnmh64sKDQ5s,62.494623225067045
s4ZbMhxGfwqedEgSs,97.68658079719822
ZekCjwCbCzgG9dt9m,99.30024572318644
C9EXt538Y5GJ92wMS,11.402283414433802
G7gwfZG2QfuiSi4Tx,64.20221403355002
7BXHEyCiLvjdFzTcx,92.29489650279245
m5B9XdAKEN2x6LdPw,99.89105130637262
WXGvq4oneTpsySWJP,18.97863538014655
YuhyHXYEu5GnrLWo4,57.64927299871753
qMJb7HHBQCP2pvGHy,96.68461165343975
trnkYjbJFegFngRR9,99.45824825383744
MrSRq7GhRxyXQHB5c,12.346353439517467
LefFuSRQC78kvcE3k,58.3514356079906
dmGXCAa66P6gh3k49,95.91509627359692
rPw6emFQvtiYgZ5d5,99.69756094095531
4yQmKqFsgGEKkpuPn,98.76713982942047
BejDgznrCYzJyKP6o,4.628936384180457
Zv2PMfQvD4GxrJ5s8,42.95720081778771
G38jgGkPRbYK5wnFj,98.19486585858195
hWDKcBXtqWuij22tw,95.14331763506637
qjsAB56okdH3RRpdk,96.63384808834984
zMdLRL27MerE4pze9,47.960323474699464
QXMCXahtTrKFkezhF,97.47767535087979
uQndbYRsT6SyadsxL,97.7130417113944
E97yg3bPwPat4gJZT,23.60745590927864
ghoNDuEpkRf7aaoMm,57.186729712537385
5XcXNLPHxHBFiA2EM,99.60888423170559
wEFRH8cqoX8WBD47S,95.05853815198002
qBnzD86pSqxN5YnpY,75.34536956446047
BFYSGLyP9gQYCHsLd,56.620547959632795
XoL3vRnKpMJhiFdxT,99.23015952175335
EF2jWvbiYLWYu5L5y,92.16410674174135
2x6AwbarKaeFbTQmm,15.220200253092173
2mDBMpY6HMA7w3EQj,52.16916899490441
2P7gaiXtXEvzmxrzC,84.67512706185981
qcs89JPJbd6oGLbSt,97.39852177994294
mJQw24NWMzehKcmTi,77.14484496546122
3M8NrJtheaiq7s27T,71.07083104815106
XijMsDMj76eCz9Sh2,57.699546918597804
jbSooyfHXKS2Nvgt7,8.973164394356148
Mzoq9tgmrrmFbyCrA,98.48604191818004
2Fsz3kCYDudqpAB2D,58.727904472932394
RSDDDWG372zbrcob2,99.62511400759323
wSwfNAHgf6rxwyLvZ,18.27830858992971
zzSLAiRHdnvjzRzrw,60.16515396502042
2JEtfw4MJwXevgDYo,96.49156179573657
yGzZCr3Q6YSYk3TE9,98.82154859269077
hk_4c2dff7c3b4046db,8.701174851927552
w7Hc4A62XbaZZ6iso,57.47971680323006
3kDCGaejtm7X3Jtmm,93.93574243083391
YkaTpLs3dYmNbBKpB,20.632959240752925
i3xegydYkxZXzHqBs,85.87936462306209
X4zoMRZuxFrNrRrqu,87.77918617499482
HwG94oDChMkq8MtjN,63.61868525623751
ByrtEczuQkmEw9ffB,98.62105776849675
rG9LHLn7pYXuWRwvr,19.536739559274753
hk_7709172a8658b942,57.95274357056491
5GsBwbs8jKHdAdkEg,92.09254444323366
SnX88fZqXwKF97pSa,97.602206933408
L7rRhKRkZX6hX6xqt,65.45659501043022
EyeLsfidbseM2dDoW,92.59767699891822
teAiXaBbX6ge7RWyh,97.86778447277896
pv6Le8W2a4edCMJWH,92.05779107114675
EvCypR7ndRJuKG7BJ,12.037450876018358
2qKFGDAfeup2dhBMA,59.426449300517525
guj7wxj5M5qKKKrc4,98.02153108996299
KLKtemryumnE6kCZd,92.90876407860124
xS5E6CMkcsead5Khk,10.078842627612138
iHEpgXdkiaegYrKNu,59.35900392496026
NEY4yNj6XbECRZALE,99.95710185021285
nkLrvqXqjXSmqGqKk,93.05174562939938
4H6TRnEMm5LJZicGb,9.180369335041183
xra9fMqCjTiuANqyi,58.55853313242587
EfTds8uJbzafyu2iE,99.048827226979
Kg2D9uFb2yKRjwFrA,89.0502991978428
RMBh9NMSJXfojmCBA,10.692782319785737
NJPEHpDdxh9ENxXiL,69.25614605222248
9gWbEYMfP7Xt4kTRo,99.90835441972789
zQkHQfRMWi3zPcdXz,88.76753896577712
WCHTzwj2NTgajy5CR,5.988537204964896
7LD43pCF2uwygjnim,54.95801860955797
iJERDhkosCp5GvjZa,82.61792297476714
GEXcNTjrELXC2YQZs,98.48214016941306
dhdmeGsov6kmBayid,15.584490209918252
iP79mmeBn66Ax3kWF,57.05475769181835
xxEm6FYZXJrMBK9wD,71.1415801359303
FL3CskMXwyPXG2SWc,87.41549420931837
HSJH5MfyfmWrprDDf,25.10989439441428
65sn5u52twBm8tHJL,88.54736719993848
xSd5DCCnABsDzvtmK,98.91456768823575
hk_90a96a33ed60111e,68.17195487565704
jmutmGRKw4DzngkHp,13.394889197124213
kMudhZFhdCgYpLSAn,97.23505799691667
tGyvi85HWbnFXD9GR,99.7209970268103
2EhNp8h6ngqrEpd9o,59.11166317138439
fqA8FgCHWo9Md7sHn,53.94645020978702
tZZ5QcB5qsscuQqtW,88.80523743982823
h7dJBz4xHRHcWjSXP,98.77856559137525
SbpHMAX2Htgu4znqX,52.21422391665726
5zgpffa7MYSpde3fK,99.54762724959207
fygX99t8LsjScKnnn,99.28381840902132
TjPNNcAXCE9v8abE6,63.93917031469382
bQcsx9zdKAidrrx62,33.84170378656216
cX43EJLxJCZiADABP,97.25318698865506
9oSStszecSP6yBPSz,80.97091372074046
rMoyiFSSonWHxZ3Fo,68.96296549412796
vbanQfnSdTZozTbdh,44.23725236204401
ubaXd9yxi3MCW3iQo,85.171977174585
FhKCzh8YBQGiK2CBy,97.0272580610645
cswQzfxEhRhAWerG9,68.76366656552354
SdTY3Mh5rJDHm9sZ5,27.841823946114282
hddvr8in2Nq9Y9W5i,90.4590892007905
viPxTRqHkGa5ysgqW,98.77886104983165
tpWvDAarCmukREbzi,65.2195696308387
XCnkizJT8ozA6yauW,14.211781750108925
7jaGCaeEiiSeYxbaQ,90.79102754676187
JH92FwjcKpZkqwMFt,98.70508134656373
XPgavk6i7GAPrQBbZ,64.36909819579215
4BEyRoFfmwdhayed9,66.24355586265109
n8QvBEYggyp9C52yr,94.42890126886394
ExQQbiQ7GBnXD22fH,99.87606849840154
fWDPXBbaYx2pHXKq2,70.76204506858961
7tJyLBPvdoPac7vG6,6.043592023162603
JX89J8XxMGDvqzdKi,74.59166609447219
qztEQCGZGDxpCNw5r,99.5086515032946
NwpY6kB9NCzqm93Tm,54.14798949079805
qLyLTym3LDnyhvGhQ,22.97828047330392
uJu6YpugxZovzWymM,97.60967351206396
Hbtq5Yj6Jt6F3DbGZ,98.319013195005
7xJ87Nw8qASTLL4ud,60.85610602287646
Wgv9znQAFHgXei8iT,12.30927561349252
5s9sifLGiopmfpwm6,99.23765178636118
hsEhog3SZxht78z6M,98.60442909671576
3ZHXute4SFQWt5mXu,71.06257759707752
3e2owgspztAZ2Qm32,98.7929288809262
oqXipW9p3MXbc5aQS,93.53788633200692
DatmBPCzvvQRQsrSb,94.16396467510266
9HYbkGYmWvLjse4kT,64.20842766594394
9y5jJuByYpFcBsh9S,8.483249542975702
mQybHCfEBk3pEo3Hd,96.53132270154357
HZt2vzr72hWjkYur8,99.6304148783432
kPXZAsBhM8WAytmHj,63.031884751711935
sdKSdPuJbBJkcTD3f,10.07544360420749
h27AuNzq8nQFKsBma,92.12778942413021
XudAFw5zbGJ6h5K8c,97.11807103270328
5ngm5QmXKsNpLWZSM,78.43083992283877
7knwEMxjeLKzLSC5Q,40.39265237255899
DwkwdkguFKTF8ZW4G,90.08306135884327
oaTEZSgvkJFca2zkS,97.82158147684325
fRnX2tutkt5aEZnPv,57.446240443436395
srLkCaZCNpWZnfX9h,19.82386474537255
Y6G33gwFhuJDxzhbf,96.87685292994107
hk_e674313a1f73bbe8,97.20681126338816
WFB5JPKJqHMySwjKz,33.91605870647484
NDKLt8QdrKaSrxDfP,47.38477898938296
RHKndJan8eFvzZC4L,94.82554488579663
i9HLWdncPyhqeWf6H,75.64926169289862
KK9nLPLhhgmouWbCd,17.12621655691262
uvz73X5maWymTYd3F,44.57639641837542
ekEmEcrfpMiZEZ4Xd,99.9043242868226
uXR55EdyzyYng8QWa,96.95761679937871
CZYZk4oLuMFE3QgAE,9.230057331245499
PQ5oBorR8SuR8KAx5,63.174665232813474
xi9DhQR2veffHuJxa,87.29005264033756
52ytBB5NuBq9deRfn,99.70805365191467
J4cxLoXPd6CAXskbJ,5.341282978548729
t2gWFXEf28xCkXKoi,67.42821312845093
8KWrHxL6nGEmN3bva,91.27325113406631
u6iT5iviXx3sQ7D79,98.67900696375924
DcFr4dwJrKWDf2GsC,54.60306425730203
MvfgHqRxvzdapetKx,93.40512148454924
Jm224tHAmYFcb7rLF,98.17749821435307
pdJ4quNzNyZ3ADnd6,3.1612634986377466
bR4k4Meix2BbYHqbc,58.18202220492499
xNzdvbd53p2xRZx85,89.96549360677565
napdgr8GydubkyBQb,82.62477004316537
DQC4bHCwDTtahCZQf,18.5111477919862
QAscGLWT2c9cnWmgK,61.4835423378608
PP4yqN5ZEdiBcX8ux,94.53832439652201
t3m6YYvZCgRaJre3y,97.51415960744758
cTyzZKzcT2pkFGQ9y,15.1050479691021
jemhQuaiw6thshcTk,57.85427048746713
muhhimbJswdwEjXv5,94.35493111204838
EPvPyQfFbmuwWh3xt,97.97629813509319
EP3o4PSFn9LPYeCxx,11.5146549626397
jpRGA86jHfhxdD7kW,63.6952032044969
SmpFcGivnqFgTywPF,99.94709477363854
hk_bf74b746fa75813d,99.63726939291111
G79Aa3v3Bt64YTGoY,11.182973368803712
3kKJ286dNN935wGWk,60.1646927389864
6fp7D26Y4f5zrsdkf,95.07133496125991
3sdsfWcHomPg73oF2,98.99382178211624
TkNFrBpqJfE9M7gmn,98.94665603976227
6XRpBQctLNSwna5zX,89.8696653020366
TeaLn3Z9wNca7peow,22.042840871925762
LTd55eXfzfJraXPMS,42.277023098495285
TQE3qbPJnn4JqweRj,89.2952943107501
pTCKXaokHxjKdBnRW,96.63372103821621
HpsRqRWsLe9XjP9HX,3.213190521908018
zRiyzfYFTidgaDqra,78.04744586221932
3TipWgx56pooRoRkL,97.75787777094719
Tw5PjeizyBGoYREuY,88.66830287213882
p5nQeSDgxpsLdmqAN,32.90682043610063
9vjAYRGFMPRawLZBv,59.039848990560856
PG39hSB8QJn4bYJjA,91.64059851158662
Kx5ThcnY92QoFgaH9,90.65776315556548
YJbToDsk6CibYPX3v,6.240469981594446
xz3yCFk9NC5MhpTeQ,66.59512372462842
FiLBRModFTY3zccaS,94.37793344662781
BsZFdDAKJoe3nKX3w,99.57419277721618
okAbJJYqoNMnhvdmP,96.600602260796
7NNtF4iagyE4pxAac,93.50984347578039
xkGmJGBQB9yzsP4T7,97.08235959116179
FhumCaYKRok7gxaEX,2.0479631117309793
RrTkix8vsk8Fav3oS,64.60847151338375
C9SpPriGH9FrWSuQC,92.27958490880127
43RgPKxtpjbixSPgE,99.68865882224014
LKX8GEtmLeWcYeNdA,29.380522473492665
jJpDqoQdj7Y2CE64e,60.638671738644646
zKirhqzS7PqmXPL4j,94.05507792380736
Li4xf3KyPf7CwsQmh,88.05780715969622
mbo5NgD3xjD5sMYwE,25.685799334983855
26Ww3sJDHgGKC9CtE,55.434972585696144
txZHfPeJcJotwTsxG,92.44609275219173
cSjn2HtzCCphXKMFG,100
TScxRf6wrRCpFjAvN,14.822138116089276
C92NKD8RHqwhZooLt,64.35439822555514
8e8kCTBXARiNYs8iY,95.6582867361769
tQTXvY39HsXqg7q79,56.937857948054486
5K8fqTNqesouSkbhj,79.31392858252681
kN7xExwxbsboE3GbW,87.72529148056165
9tg9HtPRyNCxFfZKK,40.50764022962304
i8dvjBeA7HSNsc8rm,98.7821834887642
b9J8hpTf9SbSNHoCn,10.575690815514696
pB782QtGwmytpHCrx,57.58694826812141
mS4imshpKSqjzSC5L,97.15108473689074
B3MGWRXFw6BNMujqi,99.99097800616056
yN2z8tJke7sNqBSQz,9.53331485478382
98p8firnLvXFwTnvu,55.89389285814999
GPw2Smeon36zdZETv,94.92250010160653
gL3AYSoirAPEhZxRk,97.43322671633476
SvimpGAT8fgye8KvE,24.813116015151593
SSA5vwLrBraiDk4CP,50.048774507889135
rtmqFZLnyAf8tBbvu,94.54046244568518
FeA8PQoNtuTTybYWd,57.43550382017217
PtoYvFKGm5PT7NhdT,3.315195772689034
4nxZdtGngXFgSgMuH,68.57838664079442
3y9Tya7nodRh6uLeM,90.46837895427056
c9uvrCQ3rnxJcpxvS,57.534578967122044
iFWBTTFpERqFoK3Go,50.9196385283824
BX2PK3mKwG6EgEJ7y,95.49804572762538
gt5YMi7bteBrHdTCH,99.87174509579644
MpGGPNgMRgeHW6cpq,16.0184847432945
oMJHtz2hEbQmYJdic,55.50159062570572
NfK8MyygRw6xjAFNT,99.8288362938677
b9NaLQ8EXNsz73kii,98.76919879324055
vkzDRuFuvZSZrSGG9,17.760113804518166
3ZejfckQbyGXYZpJM,61.85398679396065
XBi6qJs3WR4MyB2uB,99.20166158556614
zeh4BtYiLL3vrz9Qh,99.39801236422589
EfiwNHDGTwZckN4Xt,22.191461302999627
HJfsxGn7ksgfWGuhg,61.61008248761757
fEfb9QsyGzoqFZFSx,96.62602105001459
Pb2vNgMaEK4rDQAa2,99.74127843841617
hk_171110b87119dd3b,16.17008267359084
7F2cREBh2nRbp5ptE,42.24840124627756
6BDeP4EJsW4TeqvMj,98.9010763428282
twvATf8mrCFLj3CDT,98.76693064779943
qYwWoXEGNYtTBd2X2,22.871293519540927
bFe4Kk7oyfvpr8frt,62.72667480306568
oEjn5Ant8bcQsbqg8,94.9903516536482
iZdpEgPWcKCBqf7Tj,99.92807352061396
hbrL78mBXzHFmPQws,98.82764744189782
QbsnFPNATb2GpztTu,73.65192207914174
narmibzpS8M8PtJP3,99.90837938911845
EMTerfyjWY3epRRux,99.99206448640238
poLnGYgknCAjtPhwR,14.64846868894322
rnAwbNinKzqvyphu2,60.602794758897986
qc37KXLGYiXLwuRbL,96.51978393727303
L9moSFkD5zdyoxQYM,89.41680724161567
RYBmA2fymZSbef4pY,21.294739212613553
b92mridHDoy9eQswM,82.4567172112964
qvHseWvJiy5bexBx6,84.89045556788199
esi78sEBpmrm6i22Z,98.36715130114644
Cyobzg5pHDXJXSnEZ,76.14630292031882
Ls5XgbbN4r9B8FAQR,65.1519761473311
8xa6fKnLffXrJXRfo,92.54223521418844
K7CjLG4adqRtxjDwy,99.49810441559627
hk_5dfe8d48a9de3fed,91.56671889756726
XoAxeA88Baoif9eyw,58.4687975545037
8ZEYgLbGbSZkFSEfa,49.81866997714958
gmb2cjsiMk8WzmPGt,91.40967318661606
QCKNv9SjFax9gN9jS,93.05660133908178
ZoQxNDMJJMCW5QYoN,11.679094768002061
KTKyNQvB6nfobhJqX,56.83889519755168
pgPQ2CbqoZ9i78NSG,99.19007589779537
Sx9TiqMEZzes3nkHb,92.25045640863726
6xu2x7vdbfZ9Lw6Jc,25.655707695401208
WMKmn9mkNvfFnXF73,65.35492113705367
3GFb8XCTgYfr98jAq,94.26868211919596
jYohufSqcvmF6ku96,16.423064882744047
BaNefEyDWasac8tYG,72.52799541299906
oFRmxkotcGng9ofAb,92.41261249683473
kmqNALMd5hpsYaeXM,58.57651473247466
tSgaGPxwCQTvDzTMo,0.28358020917529025
o7zHcJbWHL4rdpwGn,57.859656649660465
xrzSTtoujZpJQ3t2h,61.85350592980196
CCG9qYyzNpfC6rwHq,97.9797769451813
XXLGgagHvKfBGqvae,62.631004625044525
rC2fQETR9PfCmwT4B,97.49538930530049
pPy2xffPGQhPhaE8q,97.74799344569266
uAXnFzQPmsw9JeBoR,99.61723212436418
yzYuhMdBCBrzvik57,57.60311729536037
BaJMn5cGMQ2w4nbMm,50.44557753329766
hk_c4f7589399672d2e,90.06575870697844
hhYfyjDvCFNnXJgdd,98.17510444717306
Suca3ndBRpRSDtBtE,73.82697495104225
2ktx8eXeKnZTCgYas,16.30484369949386
7fPiJZoYdKif59g4J,98.92617327286618
LuvmJ5ReGJ2ESbczP,98.9772239168643
NDQ27kBsLZmrQnx9Z,62.25093522603234
oH6d2MpKCN6vi6oh4,30.454351330436996
YWm54mNtXnr3XTBmN,93.19522506171346
NJdAKMi3Rd7qyeKnd,97.54191297048969
64dDY9f7349ef6Dos,62.02887297541426
C2ySfhW7dwtyG43Lv,19.205124032076146
hf9CjTst86N7fJc2A,99.6154284890831
HCSTqdP5tr8aFgqkM,100
LCDrfTZ32qBdJoeR7,30.000000000000004
L5Ce6nfNxDivatSrD,40
jpogcrDdgv8rtHjFS,45
62xcjzKJivf4w4JCg,25
HRFYNsRTvs8TxwGz6,15
QPs8eWnFXaz7vRnv6,25
vY5YcDGQJctFcXqEH,20.000000000000004
vWopBxTFd34vMkZfw,75
7r8q67bZKbETKpzXp,0
xCoPeAX6FiwJXwvmc,15
HFPxYAbkdK3rq2Sni,5.000000000000001
yrAKxggXTDrDHuC7R,100
zw9AJrvN3cDJY2uj2,0
bcLaCmicFvAjgkwKa,40
aWHddrtJZbKGZR9zA,45
u2bHaQw75emqNQfZ4,25
sN4TvXfZb9GbcRzr2,20.000000000000004
mTyKj8v8tskpp6b23,30
ghyg6Ns6JdAQ9GoX2,50
hkqGoLLEksCoi7Kw4,100
woMjtKE9NjHWGex4c,20.000000000000004
BKKtxgcnmBihCxmig,30
hk_d9f943a05cb40e3e,35
RbbbKsN2kDtr6v4yL,0
Xqr2aKmeZk9oFaeYN,30
o7LBd9LtteBpbtpGp,25
W2dzEgJYRmb5vfij4,55.00000000000001
uLpkmCaLBbJs4WiMy,0
L29T3B46xSwbo5r5i,40.00000000000001
qZPQZ2ALbfw3wumJb,45
LM5BhG58bPgGwWc3t,10.000000000000002
us567yuti44En8Kqv,75
7TFZ9veqJCFQYTmc7,15
Jzbo69JFKAM6tvaA7,40
eWEnybT4kSF2Zo6n9,60.00000000000001
yxMc2WkyEv9hRMG8B,100
RHj4A3kqjhhXFXrgP,20.000000000000004
h9EBZbgLxm6mhhhKr,40
L2zkNobsdviPv5Wbj,40
d6YFrAKnbDZ97dLb5,25
yHQDtKEthRPTzthhZ,5.000000000000001
hs8nNrev73cHCPcne,0
B8FtEW7gJh5gFBS9F,20.000000000000004
zEGFYepPi66LJQMv6,50
pjDg7cWSdXs4RMPEq,10.000000000000002
hk_aa8434638a48bcba,0
6E5ogYRD3vvcyiwcK,20.000000000000004
Re2CNFtKSPEbY3Yxv,100
5tQhpx4n44RQnqhTW,10.000000000000002
7RCMQKQQ8954y27yd,25
sPuPHYRDamYJqcyJ9,45
auiC8q5ehkstQFifg,75
d9qWsnxQj9tcJF3y6,10.000000000000002
5YNFWH7egbsgLh8cD,35
NhJkeKDNcKRYZpoij,50
TPHkPxKCy3a2zmG2A,100
tvrpdLDyj2qW4t5d6,5.000000000000001
7CWuPLFb6MTHHjK5c,15
7abBdmShppsz4S7Wt,35
W9HZDqo9GtC7iwivb,25
iPbs6qkDgTuNSAGKm,30
KFRu2g95Dt5m9SM9j,40
jERv2S9bALa3zzf6u,55.00000000000001
WanLtaNFH5wECDZCB,50
qZDAt9DcLJxaZ9SCS,30
PY6HjPaBCBL53D6Nw,10.000000000000002
mx9ArLt7qgDqfHHXi,40.00000000000001
9LoP7bXj4ZhJLQsTX,75
XJRwZ77CpPPTB5Cs9,0
qtCCN3u6Yyvg7qnqY,10.000000000000002
Bu2izNYnAb3Sw8PFv,20
8p6e9Rk3sdckTLic5,50
bLQPMsHz4XfPrQZrj,30
9FyzvR6tht8prqWdX,40.00000000000001
WgiMAwG3kQHXNuDg2,45
TwDcnt96dDzM9jfZs,100
XL8t38svWSLKT7nbh,0
GtAptWqJjdv8Q4oaP,25.000000000000007
JjfqaXLgNALSC8Gu7,5.000000000000001
wyomYHkyZnwmsNBtd,25
dyLRCZGxu35sx5HLb,0
JArNkquADFfYjPRui,0
BqS6AjQL28uwcWs8S,0
8Z7vxutwyvRrkpXWT,0
zHNbgeRc3nATAkivv,25
wEAJPnMaab43jes6Q,60.00000000000002
LexzDHn2jeeaBnRAj,5.000000000000001
rLnDiLto53r9HWcqv,50
L65XQasFqgTbpFab8,15
hk_5e271922ed979d1e,30
iMZEGa5RjXrSfnGxH,15
vuLF4dHmufL8D67yH,0
DfgrMJecEtGSXiGBs,10.000000000000002
kkqsgjhi7P5rvu9sk,35
bJ4TZbJkstE2iLDKo,35
LD2c5WgpmRv6MagLD,100
eBc7hTpq5ziYGZJNR,20.000000000000004
rQoXPhkuWHMnLvMws,35
EtdJkQKfmwBqKmELD,35
5MrFy4pGm9MEi8rMp,100
4f8nAE5yijy6hoWPP,15
G8qPaQNg54yCHab9A,15
Dj4drhKKoZLsSs6rQ,40
PRcQa4qMfZHdgWZML,50
Q7tZffGccWafet6S7,15
ywssCvdxcMS5bgY7J,65
FFNYhqErdAqBmQQp9,45
ftBs8cf4wkRT5cNWw,0
n8CGNrjgattG5CqMs,20
eno9MByFzArPhrCzq,35
zaJdghXePTpzmmogb,35
nZtMxiPW5ju2hRyeT,75
5Y47wi6fFqfBpFviQ,5.000000000000001
fyMsPuX2cqBMEuTJk,10.000000000000002
Wqpph8FnZnFx28ZTn,45
fEGdHC3LGNXfX8znH,50
KihJfAAAhnB9Ji77E,20
EiPBbgoQ9gNt5x6au,50
cDshbTp488RTxBdvy,65
E4ZKQTPPkYS662rLj,75
ZBfpghnF7WxznSKHf,15
vTS5HCsAB67XMHd28,5.000000000000001
T8H6Dvzhvunz9WixS,35
b4N9Lapex9dDJMe9n,100
kYyX92fkpEuLbeBF3,35
vP8irZbBFkPkCjsAE,40.00000000000001
7jY8gmyw6v2ZCDt7T,20.000000000000004
kv6dvq2s9PgA7L6DK,50
JpXEeJfFjjztkj9tS,60.00000000000001
mkvv27PFqPpYPxwQM,79.99999999999997
39XQFr633ag6GQkwW,45
5qx6yn2WvpNrpRatx,100
7eXxvaGnXe3pq46Zf,15
k2YZPhRdhGxcuqXEB,15
not5268FYeHdzp7zX,0
oGWq8GTaqR5nJEZ83,25
wwHYo6Rh3NzifrztH,45
RsGPTE4ZrnwadwJwo,30
PfHN8hSCe7woEQySn,45
gidoBNruzZqQS85Cq,75
4auFpKyFxGTSiu4SN,20.000000000000004
dqx6BKMGPgmCBXJJS,25
TLfnPgpFZE5FBnHBj,30
dTZrdCwyJJYubi8tB,75
nQNy7mxWeMtut9YJR,0
YAnFbp7gKPGySjbqu,20
vRBesoBo6L6TbLAdy,20.000000000000004
Eh3PohYWZiYgoEPnP,0
rEvfwYgnsZWzRxCMx,35
Hq65Qyh3BBJL4TeXa,25
RDmpdpYzTeoDEKtDf,40
WefoTZ2ysLsR8Qy3k,75
GRHn2Fo6jvvd2SgkJ,25
di7sBePKa5eAhbZJM,20.000000000000004
Riyj2gKhcWstwyLoA,35
fYvv9czbNAvCmpvcg,100
qHnFyPTnzdSgwFFPE,10
7p355M8snFN9zKhEy,40
bddFGqd4t25Q25syh,60.00000000000001
wy7WvtGueyJxyhspr,25
S5d9B5NuyGkMNgS6K,5.000000000000001
5jTXLJyXAq6qnEQM4,35
EmQL6RQsbNBhPG2HT,45
8qi7zZJLR6iy92ms9,75
zrx7QuAGL2wXftdMj,5.000000000000001
gRqtE4n5hqBp2Kci5,30
Cfy7YNk56ZKgFP7GM,40
x3ix5Nm6JzWxoqkcR,100
Bv2KjrzpSpDQGPue6,20.000000000000004
tzPtN3tSi9Ymyiuuf,10.000000000000002
j9ix6eKq2dKazw2Wk,50
LEmcDLafmJBz383qw,75
xEeG3MSGR9AMvRfJL,5.000000000000001
chFpKG5xQPwdwymh7,20.000000000000004
xT3KWtyoRXfuPqL5B,20.000000000000004
xpA8oFNjgEEBQDo9w,100
Erig3eHSuLZzYmTgv,10.000000000000002
ZiSjc7PMssQ6keRqg,20.000000000000004
FPqgNsjvhLXfDzGnr,15
5MR7W9QuttumsNLhM,75
kSrQSSB2gYawyrQv5,15
zn5uk9XW3YhCMBPsn,30
jF8W39PPFpqYz4HF4,35
4BqHP99LWLvKQx4JG,0
zaPPqSL8stHmgwn88,20
8SW4nq55rfwRCsBFw,0
4AcJXBKhgaWx8zWZ9,40
vEZAZPDKHS8d2bfK7,100
xwqtmuoNz98JNbv2M,5.000000000000001
Dcar4Xggt2ojtgf5w,50
DTpDEELNpxvBFCvPq,70
4J6ABW79bsTxipyuS,100
XSnAv697Qu7xGLrqF,25
9kwRuGWjuwjZDW6vp,35
8ucRE8G8njyXW9XsH,25.000000000000007
KB4wP5GCsPtpYgAwj,100
hk_349a2581479fe098,15
9nk4dhBynLZ9bYQrw,15
QhHCS3v3tXhKWdMDd,20.000000000000004
YcDtiacahgMdbGhKy,75
gccErpfNnv2dpDqdS,39.99999999999999
KvpZsmjdsZnMgQEbC,45
2ThxqrsFFrytnF6iP,75.00000000000001
6ktBhrfYd9cXj6p8h,25
GM6ECSx8tKTFhbJDQ,45
8CGuBc4uNkm9DW58h,50
mYaESnvNup7tTFTFB,55.00000000000001
YiGN9mCxn3KQfSMLz,75
H7p7gnt9g5LnmYxqS,15
6dZ422Kf5Momcewsc,0
n3BZXB3njvWFHaWAX,0
hzEPLdSeHzo2PCGZ9,30
urwmAYxcdqsAg8kKz,60.00000000000001
jdqd9E7C5xXfApvMH,45
4XtbCqtKRpEuthRPq,75
SYrFmkcp8rmsMYqeX,35
NsWxn595RHS9mZ7tB,20
vCr8aH9vBvJ3mwpd6,70
orbK6upCFrYgFgFg9,75
QkAPFxqnmvdJeLdLA,15
YCdzYXQXACMuC5xYJ,55.00000000000001
9tNfTnqy7fcsDM6hm,30
J7yrPRzHRhXqB6fEy,100
NTQxKD4s973HdpGcs,30
W6y2LRFjTL97rTRLA,35
f7RXQi8TEyvG6sMNy,40
6h2YoozFqKYFzQZpY,0
2mcH8d7fyc44jZpbw,10.000000000000002
uEP7Y48RC9GLiQLE7,15
CoucphGN8xNmFWrjy,35
eWYaGzM7Ep7BTPD6J,100
mSr7n6aJjz7NeptsK,5.000000000000001
9nwDwk68hHBGcZyQi,25
wCgENHC2kR7FHvCXi,25
BTvgwDxByaJzX7bup,75
CBm8QREBY9wG6m7b6,30
jyiPGzEpnDcngeNXt,30
Yix7rjSJh9DsCStoL,35
ww8RgY6Qf5xh6GNFC,75
JXQ3JCKZBapZna6t9,30
7jseaANmSHXfZFA7o,20
fRNuy7mfsn8TBCzzP,15
chZn4ZNtd5MyuRnzS,75
4onEL7zaRpdBjvKHZ,15
KTXEHWvsu8gronpu7,40
jSmcALjYGCmx6WnA6,50
5obkuCbgw2uwvmSZD,75
d6ovP6wqwHWEa8su5,40
99j4zoHWKNPHpngcd,40
23fxEpwF7hjBECQjB,40
LHWyrwRPkRcyrZEm2,25
RJADhGGt6x5yoeMNu,20
k3Rxe8Nkkj8N6Z39u,35
W4sPLKFjHwb2qitXR,40
YpwJcgWwwZZ3627y9,75
LWomT8kTNBs5sakMb,10.000000000000002
xmEj8je2q2TRorgGK,40
Pb4YZTXTAmZQvYauy,35
owC6evgLQsLWHTcaH,75
X5JuBHAvgr8z5CJRd,10.000000000000002
hk_136e5d715852726b,25
nMZd6N4foo4BYCy6K,30
Yk8GpXP3yrZGchfXJ,75
GuKG8SE9Wd4fkXk3C,5.000000000000001
Kc7CMqCvKcdB5kvTL,45
KvFgK7jYP88iC53e9,45
4XzCuZ6tQQfxzZ6eR,0
Doi32QhgfRtbxNKbC,10.000000000000002
cH9HY3t62uKhj458o,40.00000000000001
jNumLb4jq3ewN3Mfw,40
KPSqTiTTa4qBcGy2K,25
MN2RBDC29ASuYXPPy,10.000000000000002
cLbcYX6mWaYLFoERg,30
jTQn8thKxxANcD4us,20.000000000000004
WCetnf3gPX3X5YiCL,75
Zy6p6SqqyWF2wTMvt,15
B9ZXMyw78rf2ouGHv,30
BibPpTm9EnSvLRfNE,35
3PAtHvtWdQL6mEG7N,50
tZZ5mfidMyk5BWvLc,5.000000000000001
E9FTWcycrYzEpaJhb,10
zFYjiix4ff6XP2GL6,30
QWwBLTj7zkFuoyPgp,100
8TZgk6p85sDQoKAjv,25
qjxCxCrve5LFAeRhg,35
x4oKSrE8oau29uy4M,20.000000000000004
m5ziASABePogj6i2J,100
gKMmrq3Jn6GjfZqHf,5.000000000000001
Thox3zevAcThaybbx,15
eyy68HgswHmhAoaA2,10.000000000000002
YaFkSg4QwMMDoBX65,25
Ek5pFBmNzAZjHRr2D,40
G6s27PFc4gCfdkZuJ,35
ttjFP8HXauGHxTems,40
624XhDbArntkv3iMv,0
pd4Nq5iEM3xoZenMN,35
sqdgqBRTm2dDHHya6,10.000000000000002
uLZtozDmn5q9YKjRv,35
aqDzws5GQp5cmeTiA,0
CBvxWxpAbKRxogCfa,0
gfL2QGj7nYR56fbFH,0
z4NppLAvpFmNiAB8c,5.000000000000001
LiTgrpmhCBQAyGpXC,100
mtLKsNocLpzKXeqH4,0
giSWDvyyq57EHGWux,40
tYBEkQPbQjWANEjWh,55.00000000000001
pzBcdnq8G5QKvuFMs,0
PDfkzqCEARTAwKgMM,25
SJJ34LdQ8mtPRaWPN,0
wys7CaR7y7SxcMubS,35
7pDBkXPLtMc7deuKi,0
ThM4nD2pr9hLpn4nB,35
22WBpA3E4FT9MHtyS,50
7n3oLn7Qugxejh8BB,35
WKc3qZ6CATvF4RQfW,75
cRqRqucoMJT6HDBDD,0
RLDfePLW9hXrrRodn,40
8vGWz2odFRezXYrNa,35
Ex4XmCQEKgtGHJFbA,100
Hfxwyx5ZprwtrwQP9,40.00000000000001
x3Z5r5hiZTP8pc2Jt,10.000000000000002
grQoher434XbQ3G8v,50
5ZbY5K24NahuMzosW,0
Q6yXaqqjbmAjv8uxu,10.000000000000002
RWmsRcktLTkdpQgYf,45
ZAjzybcSSMcdv3RAp,65
JKkWbiXtXXTTdDhwR,0
NNjcDW3TPMw7r2u47,5.000000000000001
vmpupeB6BhJt8LFEj,30
chL6KugkbBoXkiERE,50
YAgkMEsfhF7D8uZth,75
pQxiTAExczWmC54HQ,39.99999999999999
GvWuhWdSKisJjdEDa,45
Q2YPuf4e8haEX42Q9,25
hWF46ZrYQB6GhFEgX,0
dZt6vLZs3aQi7dHRo,20.000000000000004
b6SMPKTcJ5ufdXdoN,25
SBMASudAzmDLSKTfB,30
teJg2ptGWqwzXgJs5,75
pAmCMKxK9GbjyXxyu,30
BikLi8tAzgwjWmctN,20
XdHMDa9JC5bWgzrcT,40.00000000000001
fonED7jGru4ELP86R,75
J2zvhiw8KNaenXqx7,15
iwcQXW3qgAXaeePeQ,15
8wxP8KyyWzKcEzqez,20.000000000000004
pfpjsyDjcGp9bzcRf,100
DANYnorHvoXZCpgxZ,0
fSPoNgRdePSpBd47o,15
ZCJ2ZXkRJTT4iLE7T,25
gK58E2fERLZpLrPST,0
8KDTYCfjWFTiujEKK,40.00000000000001
FbouthpuGRCxHpedJ,40.00000000000001
7c92Fhdzk3zKnquY6,60
js5tjPTxvH9xMntyD,75
icoGfi7KmMiinnL5s,45
fsAjKAkSrwjqeSgd9,54.99999999999999
C7SvRFWpwAQNzjdsb,65
uZGALiEiDERn6qxkX,0
n747SKirYFrxBKTiR,30
ExNXfm5k9resJLB6R,50
h8YdW3oFp6eZHoY9y,55.00000000000001
HDL2L2tFasFRLirGf,75
NvqHuywdJr9dfGmWr,25
z8rYFbCTg8EEoAwrc,20.000000000000004
MqkwFe2BgdwHuCmQg,25
rWGnioxQQZxyL6PZ3,0
qmivmZ2kyT3LozSfQ,35
iR2ummkujNpESWnJd,65
Q73k2RFd6TejZxxpa,60.00000000000001
hk_34eb0d998e5b5b78,75
SZNMexwiLBoM2nwk8,5.000000000000001
wqiSpkD9YBgzTqchb,15
6BRtN3wSrGZ8mLZF8,15
Ntrg3NChE8563fPKj,25
ffCFN8x5kP2TkMiuD,25
NBkBvqwygg4gFmETW,10.000000000000002
eAfxz3Z78hCJFxQvS,35
nN5EbLnqXxELraGP3,0
im5ePNC3X7bNumir8,5.000000000000001
iNvf5PkJrd37XLko5,30
7NFbRmH9wjEzxWKrm,30.00000000000001
BDibm32oryarQKJ5P,2
XvJjqPfNwwDwj7mrM,3
cvKcQL7r2SYBzLFSA,3
nGMokBsZMT4S9qKXh,2
NvTbTAzaYpe4DHSpH,3
kLEGFZLXBMFYpubfr,2
WqKHfxd8coszrExoN,3
iRopcjRQrHtzZAK3a,4
tNCQjo26dPmuBtbkN,3
g4dv3vfLdsyiqf4Bn,4
LAzXFdqxAPiWYtHHS,5
e6PW86T7pP7E46rSo,2
bm5YYiZ9cwQNpQtDo,2
sgkcRkJ2dLapRdPBF,4
TWqYn4XX6nuiX2TMJ,5
sktZNLWxwoQLDeNL9,5
6T6PfFAPD45mhXxk3,1
NJxC6zXPz8Sst2dvQ,2
DNBKxCHxDjuHWSaEp,3
mbHhM63xeLbffWNro,2
vh3sDMsxGhkywhDaF,3
3Hg8eCWhNfpxQMzZg,4
WA8imFGkBCEgJeA2e,2
czFpF9Dgh89DzGBJ9,4
XxWJunpGXePRFh5tX,3
nvZmGEAKhex4mBujn,12
iJuXDrphZNFbFbd3W,10
QGYcErW6ESFtELzbF,9
69cy4nf2GGwLnnu3M,4
pGwPSTihnWsWzgTot,4
ymqg9N6myDmymwysk,5
wJahKHwCgQSAQGXHs,5
m93Rg3GmngjdR7yGA,4
WsBo9FoqE67Lnwgjg,6
pzdwtwnBSxub9d7hr,8
WdBKdvjxr86cTHHY5,11
x4xftWpjLrhRY3kjp,1
psJJbxbRwHbZbefMZ,1
WbwnKzRiEvrFDQEiT,1
wjojRuGhncDwRwMeu,1
fqfMrTHE2cZGRQXpu,1
PDYo4E9s9kxWDvECf,0
cZkzsd8LikYQ5DXAW,2
yAiJD9d6bdreCXn9N,1
ho5PtXnNWxxoN2vLE,2
cwCSCzDcExvz68it9,3
DHAamKBFGqd55YJfY,7
MPpmdf4pTpRmRG7Go,6
WrPTfEbnvqjpWqZYM,2
vXBTEeGXWZPWcrCeh,9
TMtFzTbDAWNdsxfp5,9
wZRNc72CDquELWctJ,9
2cbSrYP43jpgTwKfu,1
7t6p6ZBbGqLYCAteA,2
etKs2cmawL4G723zw,2
3SesqZE7mAcNF6Ftp,3
vovxWjiDirniuDfqX,3
7jypE4yN4Y2rsXaXm,6
oSzWCTnZTRWpXf8BJ,9
PDCZNA3yxxWgcDYCn,8
vmQatNF23pMj4WEqg,2
exbvuq4rLDArDhkoJ,2
eoQBKwLCWCTzSSqqB,6
2hpzsmwWLCjYTEkMk,8
D26kukScpPEzrRiWd,1
rqkfAnqkkEh8PNhhR,1
tuFcGbBTTEozY55rL,0
DaTbjisGSxymRJdYb,1
Ln7aLr9QTbgq6yNyM,2
aa99efrrBxufaynvt,3
8Hsa4Tw8fHwvrGuhw,3
mDRPr2efTRWqKpYMM,5
R87HTKNu57YRFwMER,3
YTBCyLjKaXoQxp9oz,3
5cnkdwB6B3QtaDan7,5
TmGSbgdqkzoTiiMYA,4
fsuQXTWSHs2wD2Q7n,3
J5NZQh74nF3iWhAoR,3
NSk97n6Ys9xg7Y2Pi,4
kAFwTo9sapMLrYgbA,6
SYitsfhwg4fHWNhyy,3
Sz7iFqR8rKQSEZB7T,7
XFBdXbZPd2jch8QX8,5
HTBLp4wAcp3tQsdLb,7
6pCXKJbExZq3ZFkAH,1
vLTTB7Lu93oxYfCaN,3
J2t4EzfBXTFeth432,4
yFa88RymY26XRhXxg,4
aXsD3LybJNgvzRa2K,1
W55ikSTy5nKrt5MW5,1
mYdE2trrKnJrDyGhx,1
aQxTQj5uHyfu3uj9o,3
ixsoyuP3WPE9pKHbH,3
FEbkoBWzwh7qcCWEK,6
zBQGaW2TZomebwzJA,2
KHBAwA75hjfqzXAFf,4
YRY7xdSNJRhG8Em3f,3
zeRJPrdN6eF4ZTGHk,3
6W5sMKhCkeM3Wtfb7,1
Z7xNWAWem5yXZ9wHh,9
x43TF8YQpCGbiMNMQ,6
booCfyojP5Gadj22j,8
9uuHcHbvDkhGHGvgS,1
X3qwHkSeSQ6nkiwy5,1
LERgGWWrdExw5unLf,3
KRc3ZoXWPudFqETo4,4
iWyW67hrPt8BXawMT,2
pRkvDHCeEwpxZLAPi,3
ee35q4ZPi4AFZbWKz,3
R8uKeQSw3JSWb6rRM,5
YRGk9rgAd9xnsyeNY,1
9JBSZEEvRCc5KGEmY,5
kAW8Kp8RjkFAD3pfG,3
iSN9DAuMxqEhZEpZ7,2
Ru2fQEtPKrjEYvewy,4
o6xwuaMMs5wT6RB3q,9
s5RwXzyJD9miorEc6,10
ja7swQu9yeXyAc7DS,8
fZvBuhnY8X6dWXstx,1
96EZcubKunDt9ZCHd,5
DXYA7DbZGmmo53QqX,4
o6yHC3j4pyE4cT6B5,1
iHzmvaPo43Pch7mWb,4
go46JpagCkq6wA5fb,10
5CzD78zRYNzq3AfpF,8
yoWwRWoyyBPn8L9ew,9
aNqFeZ5JFoDkKm9Kq,1
baWfwFkYrD3znDi9p,6
8anBDnb5tWMH9Sbo4,9
vF3xPuMwCH7w2nQCh,7
63sKYjZRZ3voTgyZW,2
ZW4gcqifrCRBfe57E,4
R2G8pHeYWARg9ZGus,7
fGbRdSvWcLYsBAYmz,5
STdpv8B3Q4MA67ZiH,3
LJy4T9jeyPoxoSscY,2
DqbyZ7Ws6Ht7sbu5v,2
j7zzAQ2SxEunCTWRx,1
dHLquJoHWtk6SFQAj,3
wfswDZhSM9TKeQ9JY,2
2P76AtMdah8csxQv5,2
2Y8rrvHqxQQrf98Wi,3
sjLRsNQ762Aa4YFDz,2
hk_e5049583df964267,4
76tXhRHkLMubD6pwx,3
7wpjNJYFPTbiSgjxb,3
vMQDe3kfyAFyGMnrM,1
w3FkhKnwtfENhYQrZ,0
EBGNHdzyKhFs5yN9F,2
M4WNbtZLH5LBo4xhw,2
NG68PkTtChTwygJbP,3
xRZbb8JNEnpxByarf,10
i7Aq3N3gAi6quhfS6,14
xmQEonhwhWyzTGFcX,10
XpAH2Xbi4eDqnDarZ,6
MivYEBxSsnACu2TG9,8
LcS8iXMRwgQez7Bzy,9
aPoQ6JjbMCaMYgNPe,13
SgLrJ3Qj6d99TWpQE,2
EBF7i5BAHsW7qivjf,2
LaE5BbkgXBp2pwSyQ,4
wK2u8GPr7nBH6xEE9,6
Yk4cC4apQS74wLdSp,2
pky2THocbt8yZpZmt,6
cfL3aN2YP3PDy2bzX,6
rwYbFoqM29TBgi3BD,6
Zbj9sLxKeSePEtMPo,0
X3CwSkySkTZsRp4ae,4
FXpERfv7xxRYJD6QG,4
FDw8BGP9fTYttkaPu,2
85ojwszicAFPkzFcJ,2
bvXS6JxS2PoEMNEDx,3
7fqC5kuFE4hoeGbSE,5
wPscCd4A87b4kxTCz,5
N6vGy6NGSYYWfzLqi,4
EcmrSuPANC9gipTPH,12
t9udLX56qW7sRkWZ3,11
oAfRLdsjbz59esLYF,13
9GhLNEdAAQTbxFmtQ,2
8nsmq3KT48kMkhsLe,4
s4WKF6t2MrZFGXKnv,3
PGjiCkFkiYCk8wZ8n,4
R2nMKpBTHhFogPsuq,2
gEELDBTTX8LRj2nx6,3
QzMoxZEwBHHtFeYZW,2
x7RcwN3asKnuNMumZ,3
FgK9nuwpyBx5hoZnS,2
xh2F9Hf7fhgnknSGb,3
wBk6Lcwj2HCDwB4qa,6
sNKQisPEzdyDNZuEP,7
XZAKnwNEbKuDs2SGu,2
Y3utFm5skoZc67NSS,4
j8xsPvepubPPGeBdX,11
sTctRNStBdNQcqRLh,8
NT4sgBvv3XnkF2i2h,4
jyRpmta88ozEKH8di,7
w6kMT6PanHfGjrAYL,9
EihQb2rtxCNw4GTeP,11
LsHzjnaY6mQWhHW3Y,3
wC25uECBbhzZWxJ6m,3
c2mPPNgsgLzGCzB78,4
RFCP3MDiZsFjZjBEu,3
rBe76tnjM4i4H8rFE,6
6FcXrMkEpBZf89CnP,7
MMdJESSgTQHvejmkj,10
HsPy7cHFJQHvJGAeq,3
bipW4ABboMayrEebg,3
cjTZChMmKemhzLNZx,5
PWrL7PX4vKNxysXcr,5
CpgXuiKRuSRGjaLBZ,2
82vwGmXeNz7Y9NxrC,7
grhQjECA3cgwF7Rqa,1
kh8YEtrChfsP2mure,2
kdGTpJf6DW8qDYELB,2
GpYgMqu48Jpb46hE8,5
ugjFqWJA4RAbvHTQN,4
4rCMPjFsophAqcCQh,7
XovRnkedQGK5QqRNS,1
tJAz7f6GvJJzJGbzY,0
FmxZayJTPb9wbYeRM,1
uyXWeZoGowChPuEhM,1
n6xzNdPnXP2AxDec5,3
wabEv6XxKLDeZLee7,8
JaL9xr78xuqZuQrxR,7
hW48ySKbFY8nbdpPJ,9
hTmgYog3abJjusEmZ,2
us6NMAZPAWvCKrCvQ,4
dAw2c5bg8Q44urowi,3
vTK7yYKT96zxHEHwr,4
n4oSyCb3GmcWoJxvH,4
2tz5yAwY44pdL9qqt,3
qnAWsSthDrwCw4Ce9,2
cAoXHBo759RZkNQXc,5
t9HxM4vRbS5hbq9tZ,5
uom8PLza6rc9EuFDG,16
9LiJRB33JvPHoATvR,12
FJuipjACqkLmDvnew,12
Fit6aMHZ8CJMetQmZ,1
hk_a2ece0c9208ddd2f,2
boJ7tASwph3ug9jE3,3
KBFHDuDc894xv52wu,5
m7NKPYdWTnGzT8xBv,3
LcML63iT7iNhp2nmn,4
bnp8gpu9gXMYaWes7,6
PcKZQA9Nh8pAMhJFk,6
wTCzEyfJyirhduh6m,4
SmLG58k8xWkmza8F9,4
cmrAu3tE3MCE6q8cH,6
FLZFodqLYvJxxaLuo,8
7TpggPwiPhcDHrEty,3
8edZfQYbLh6WZq3r8,3
6yLYEPFStb9LJ3fYu,4
8t6hjrxjfDL7ak52d,4
8ynkcShsAcq7fproc,2
TDCnat4BfqMjS3ELF,5
gJuTwDf3QAWWjutHm,3
e6bkoGModhJHadzNZ,5
QhWC67SzZQ76BEuGo,2
MMt3x3DFDKm4ziYeL,4
SvRP7JzYetRW7B3Nf,3
DGKy3qq22CSNcJPjJ,2
RWhfKFBcRfKo4nwiq,3
XqCXfmgzjupKcyQRT,4
crzjk7Rknm5FE4hZ5,4
3CCzGGMnuawNDQPEo,3
xrQG2C35fcrLzhBbg,0
xYNzCeRhp9b5c4Zst,4
CnH2eEfj4vfhS49xi,2
BRrpK44pBPPM3gJcB,1
9rnup8BGnyXFYBTzd,1
WiKtbeENWDMH3h3C6,1
6wGPycHb5jPvDbDuY,6
yhiFeRooFdhWQkvHJ,12
bKkjuJHKdLebE6mio,12
ofMkqwS8ydYe7Kc5g,10
fpYr9A6oRY2p7tHJ7,3
T96AX4rbJsy8yQDc4,14
T5aqzXFTocwLxjR72,12
uAi8byw57j68sY4o2,13
wbF6tarJfL6xAAxGg,5
afZG5jgNpz3Fxwxu9,6
qQNEmWi2etFXBmr8y,5
3cxNGrZwA5btDreie,1
Zt3KbQ9qFhKXtTsh2,2
hk_f34af13a394d790d,4
Mgy7Gt4Qr8bo8P3ef,4
Fz2yt5LhqtskhPaNt,3
RJdfxaA65zhNAwB9R,9
6t6BDYbwJ5GKwyWzk,9
tRH4qHYPY3AWphqQS,12
k3s8mtJW7Ji36Zmpk,3
x25m6BrH4DYyQHwXQ,3
kGhZkMsECyLmwqftd,7
ippLRd65CEBjBPgFs,8
qAwTNAcNgYpcwusgi,2
cBTd2kjKFAwSwKzZZ,6
T7LyzGjXxiju5SvS6,4
rirM6dDoi86rMzzi9,5
FqtimccAAyK2QZhZQ,1
XH4CzfmZWyotz2epd,2
MjKZ9TFjMkYYSuqod,2
k4mBfwGboMbXM7qt8,2
LrYWNDAc2aSZ8KLFX,2
jbptbZtpKvr4brboq,3
jmGfs7MdJJ63JzyTs,4
ChW36xtBCeqw6bRpu,4
pjhfvR7ACpGtL5zSv,3
FSPdmhqaSvybB6hJx,10
QPAECZe9C4wuhmBoa,12
NyNxbggbzn2q7Wi6k,11
Lzd6HQb6nNJ9F9Qzd,2
RYmFQfEx9QzzhSMCP,8
zjWNwYgvwXm5YbZcF,9
tQZyCqMypG9umSmS9,8
FH9phX8LwZoTAqZAh,1
JxdBQCw96bQmiDTLC,5
yHq5NPZ3yysG5qBCJ,10
wGgA26aqst4C5qNSs,12
xfnoZAC2Skmru4Fgi,3
kEReqhuC54giqh848,4
Z8omBam2bFCqk37BQ,6
2WZvAcsX6R4ycMEjY,11
WbMYMmY27hjE8j5Yy,2
u2M3hbqHKowjACjLf,5
qKXb3yjhqjHftQnDt,1
oNcuEaPsDf3hG4pgz,7
G8FAEvcg8pnppgiLW,2
KofuNYhprMvB2r93X,4
fWn3nEro3g42BwFu4,4
FX82foL4BBW7BpQ7x,3
EtWvtZApaimBZ9dqn,4
JMMBrtBxS9cipbfTc,7
SocwdD3R2Y5CSuwRB,4
3JcckXNTFCY8cDtw4,4
8YtzQhCshmg4n3Fu3,4
jLrmizBMWsHQdLsuq,8
5mPBDRfMEC3FDCJPS,9
5NMJCmEWxbi3MCHHs,9
ENYsSEFK3Z34o9Cje,2
gsRedYgAwPjGk8rAD,4
4vMZJaZHW7eDawika,5
fxx8EcyDx7APaNsPo,6
hk_f6f597cbd25cdb1a,2
JAmizQaN7CMHoujvB,4
R4qADjNSKRF32Khdz,8
gg8axSGB5cpPc4YFk,10
cryrEs42MTo3mxRS6,1
egL62GjTpX6zpYDhw,4
55J6TkXiru2nJJqZm,8
8d9honZ6NSPYkhwER,9
L8QcKCamGHsrx75Yv,1
LeLnAfjRJHHceypw2,0
bGMAQ2q8brbKzpD7L,1
t3viZKBwAHfPSj5rF,4
dpKwJonboqvgjp6T5,10
5tXhEf4TnrNC9Sm6m,10
oxjGZmf9KWe3csn4P,9
7yx84JDewKryidQZr,1
eQ3ieitcvx5E245eR,1
WKPgHKd49cTdJcuQT,1
vQXdqo2KsemowAt4d,1
X6LzSM9Ak3rn5bzDh,0
BHciYFJ8D3eRMbRih,5
gX2odGh9tbJ5hcf6r,5
JsWmrbkk2ipCC2SZM,4
3r4kHXBNzSY2h8wss,3
LpHakLaQDKuKwaPhe,8
wBSuGuWzTEGyTKYKM,10
bbpccw3DxJ52dP52f,12
G9H8JPSPKBybdWhKx,0.9465966663077167
uXbZ4qxqD4E2gp5Lj,0.07585818170373278
MrrLj9FDgxeYMmFC8,0.3775406734982197
SMjfCBjhSJPwatKzz,0.0002959569632113977
6j4tEXQXio5v7qeQN,0.8933093974766545
7TbjTMCtihv4eASra,0.9980732651620621
8srgmcuHfoYb3bdxy,0.37754067584825685
btDcFnLJDRdboHtC7,0.00020342692044827848
EcGkiTpnepNQnLDPi,0.9902915247587605
Qitfcqzwttt4LGZFd,0.705785036143112
Z3Ahu4ALqHvAYBaCt,0.0004411987158538076
Qoq36eksiuJpXFzZA,0.000430557043753167
jXGstyXjRFHgRSnnk,0.00012339458466967067
WMTwEzdYFT6tRhCDs,0.3208213095404069
XRMksHCa6w5SySr9X,0.9999724643380651
RFKGp7yxReJJPCm4A,0.029312233027598313
wH3wTg3DSoKoK2sHo,0.000013007134938740587
en7dS6Jb896kkrKNi,0.003464343510937493
zpoXjriTjdLkgCnip,0.05340332221711262
ZggzxFc5ekM5QRyCP,0.9984988181257896
uuSgrDSZex97B4Pwy,0.0011695098456924284
vQCWhsbyEeguKrarG,0.002472622924536261
9XBP9az9uog5RW6oT,0.0534033292943101
bRm4Qs7ssKPEqAQua,0.00004539789938955687
39LEkj6Mxd5rmPptK,0.03308597890056488
sGjBtEvYjGE5GdjYE,0.4073334000459302
xvDM7twr2CF4zsAwQ,0.18242551784049832
rL4cdnbGoo3ZnScqW,0.0031726822131244825
hEuEviLRQhRYD87c3,0.9997965733909006
NJKcBTZqCAFX58ss6,0.43782349911420193
PqjciMsZoAJPxdGZH,0.9959298619111753
seQP59jrkzG2upGDp,0.08223498689835772
GHKyBq99dZ3jJxFEz,0.0007096702976897477
oTXvovLArN2ANjpdA,0.06008665356258239
fPaS7gaLQ576pkSNu,0.0003353499368667791
faLXE3PJP57vSBbyo,0.00000893969196130786
cqeckmHKs4NaoGpSe,0.01098694272838925
s9wT2mzBa3Gqg2WSw,0.8807970842774975
t5QCh9yKMycwQK3iC,0.037326889140809054
TKAFpZSRXqdsmGamQ,0.9902915224417329
KHKs6Q6oeHzzGQzEw,0.9525741326953986
mBoMgBcQGpLLkkqPf,0.037326893632508365
9nveZrG5dkF7FY5KY,0.9241418171746077
necMeHqb3R66CBw4Z,0.0019267343546824115
M3BbbKBD2GaMcRFWE,0.9525741207235838
JLhNE9RQPg2BoPxh2,0.5621765008857982
dsrFJHJ3eoHEWPGnN,0.24508501313237172
8v74eR4bAnePEX4y2,0.9984988178376956
Mi4mNdNio7vwpM32P,0.16451645877303933
2ebmQh8nmaukCbsdW,0.9947798735223173
Tp6YoomCMm35BZN7d,0.966914019371905
8aKKyfzBsEJsvMPAo,0.00001473899134363588
hk_70dbb842d157c5bb,0.020332350753195578
r9q3m2mNwTTXZZf5D,0.957912277849619
8Zwt3EuYqBAc9huMw,0.9964063983567202
J3zJPAisTCuaCxCLa,0.9997388097505319
4tpN96HyDd3Fswbfe,0.2227001388253088
hk_219e6f85737f8119,0.9046505221621981
oxFk5hNsD3GmnQ7XG,0.0000400636799956487
WKbdX9HdbrShMPspX,0.000002902312277252508
PK6uGCWzvNtpMCCGX,0.00029595719367893515
CuFFpR5cScxBqNbwH,0.000012455577107605534
oZpaDMkqyceMatdCb,0.025957358057438335
9RPrfAzvmRcy2ssLw,0.007577241170103066
L8Mhwy2CNSKApWnkd,0.000014738980136954281
hk_6e89a8c56b3012ef,0.924141828391202
xrdqdbkPuWvrk3KQW,0.8807970706283313
txbxi8reMR68GS44m,0.9995694428911617
eZMCeKbNrcPmBQw7y,0.851952799445726
HLRQBZwFXwA8YEHZZ,0.8807970916270479
uvydk9f3wm574LK5M,0.43782349911420193
aFx4JyvRHpyHy6njz,0.0035936032903965023
uzWRPrbmgAdoJwxYr,0.9241418167539854
8iZj856eYSroisbsj,0.32082131825620686
zihEgYYyLhHajzkqG,0.9046505471770021
Tqbigtn9epdRTNr7E,0.9525741299847993
Q2Yjiocetrx93rpG4,0.025957360813348006
dGAoZaiKty3ytXDgz,0.06754668673073974
txe2suzgrxcucDxxC,0.002182716633084668
63qLaCcmAJYySFLbn,0.8175744821595017
gTAd4G95bS2ipLKo9,0.37754067584825685
MGoj4nBa423WrTinK,0.01406362895673172
ZRjYP38bEqGwsZyyD,0.06008664238028635
DEWXygxZqs5HEfFeb,0.9859363763400194
pHqtpgHbQwm86XTNo,0.0017007224034554871
pHH8pw5gzmdvpyoNg,0.8175744836509662
u6vAuy9YLze5rpcF3,0.9998415638115532
EMr9aYZpP3fnqZxGB,0.9840936093682683
QF5gj8syGeoa9Xxxe,0.08509905006773823
F2EqaaRiGKnGB8nhP,0.9820137901085593
w5w9tprmC5fZyr9vn,0.004609571082764896
3PKvbsXrJ9mopbsgC,0.26894142136999516
ZXjkEQLjXo2z4rkM7,0.009708478981172098
hgSkYjx5KbeijMGMf,0.9978172831255981
vB25ChX4ahXyA5HcK,0.7549149813170778
wdZ8CJTK79MeryhwC,0.999447221394015
xXdygn9NGADfGMHbZ,0.9994472212795977
DoCikpc2ZAhYct5bn,0.9525741203621705
dA3G2JGKiNy4P94aD,0.005911067921939497
ngNtezuPdB5GC6Ag4,0.00010889688565372729
4zCT95cNKdHmkqbRQ,0.04742586798225118
HYGFXi66sSKydL8FW,0.8807970853274333
yNuYSf2Cj5Ku3CLdZ,0.7310585727316469
i3hvX2AECHBxYnoFk,0.001388416647612418
RhsBFQ8jjYaFAnAiq,0.9241418157725333
xgvfSws9ZFj6BdLLM,0.7310585687994081
4f88EMBrxaQmrdETF,0.9968273173535971
JDuKyyPt7ExjqQRrv,0.037326890721887135
domCnoQ2qAe9epPDc,0.015906391774428225
T3tp7TXY7crC9xuae,0.9796676468366118
FHeNcBYsKXxAw5jsw,0.010986943597687671
NFt26tubTPZX5LkoN,0.18242552828074995
tGt9mYFNpi8pc2NCM,0.9579122695847673
BYDNMta5KJAPGnPcw,0.015086023009234426
j8iRF4S8FqLrqgtt3,0.8519528095360639
84n4LQkwZimdJTANy,0.00015843620380001264
L82Ake5jr8Jk2xa2Q,0.8175744761936437
NfD6q7d9eqkCLLnCv,0.7310585648671692
hk_cc83437e4522a962,0.7549149868676284
Zh6FH8kMHunyBjCbJ,0.04208772388398392
Wsg952hYs9EkWNNuf,0.1824255208234273
i3z57uTmmksoPxnm2,0.8354835398524527
Pom6JLaYkd9DtsSWY,0.9324533031917984
Pt7kwBLARH9Y4Wak5,0.9953904285364042
WBCqfDJCpcmEENZPe,0.017986210650937116
eLgFMYJnyB4fZfpSK,0.679178694817493
pbyXYxsyhnZeTYyLM,0.4093017511938272
am6vyup6BdfLdxX9N,0.0024726233751675066
dGuN5w5gry46nicbd,0.0006263343646702692
Q4bJJEFqtXFGNpd95,0.03732688274463011
8RqKqWJwYEjrKExjR,0.00009610244174636874
on6frdunhkwJPeRNE,0.995390427387488
tCDwZqLdMhLpH8pBp,0.03732688403823925
3YdGQajj66sAmxiA9,0.880797086377369
pytX9CCxF4ik3BDpC,0.00122774241011183
GAfp4dETLuMuBQnxx,0.015906395891267293
PqZDPQdgkdPkKsSG3,0.000123394605844038
ep27WiT7xTo4emqZB,0.29421497216298875
wpLLX6nGxJJGytcyX,0.9990889487812965
wW9cqiX7sKgyTwqgJ,0.08509905473917041
LhQAHxZzuJeRDu6dy,0.042087727633404376
XomyGcLQMmBHpBtqu,0.00005144218038833955
c5r2R2DMR7dg5wQcm,0.37754067584825685
8rRQHFDX85prnQw4J,0.9706877701022344
m4zTTYBh4dycidkm6,0.8519528007070183
BB2BL8cW5CXLwzXv6,0.4378234991142019
Y7PDXWdBbfzwMzAgG,0.9902915238742522
rpe3bRaE3GYHZ7WHX,0.033085978900564875
MWho8CCYwo3ckBLzW,0.990291522268677
Kste8rEATuN9bQxao,0.00004539786258761952
t6wxCspQAMYnmmwYL,0.9046505376886289
3Wy7wTZa9MkGJmfD3,0.9924227599954699
Hvo4rpa4C36CSjMnr,0.970687765208314
7ogoc932B5ToRC3d8,0.0007096703566924165
6rpqR6NqAX9Ejh7ou,0.679178694817493
8KvXLYmaZ7bwxcRyh,0.06008665034343635
jFzgjE3kktLHhPHQg,0.009708475130675976
FWTkGzg5Rq3bZn58r,0.0013250224880079328
duRSa5jywyaWayXsE,0.004070136499824801
mno8Q6TzrcA4T2vvv,0.6791786926385431
BKicpbcAZnd7NRu2F,0.679178694817493
mER345s3mgrSGSbiR,0.99242275999547
hBYT4XqW44EDsXWwA,0.5621765008857981
JsFFKpoF6WPts4fxg,0.22270013190111745
4jyntwqQW3gnJhyrF,0.047425867304601375
fC59zwYctArr9dD2H,0.03732689223109812
w4R3Ez7qcQScRrvBv,0.9964063981168141
p3tKHbbythNx5g6JT,0.9999546021133789
zenXJTH5etXoJg73B,0.0758581810026956
gMTaJi7YCAfGQduvc,0.999841563852016
9fRr6idd6b6naNfgu,0.294214982545615
LCnR8eL62e8cj43uc,0.05340333621985421
kcXokAk6x7N9ELpF8,0.8175744806680372
nY8iGLFKLvYuiuq8y,0.001325022434944935
Xbgc4rbCLHqnRqx6Z,0.014063625434807958
SDTpSzg5g47NkSfyT,0.003172683011052675
cGEm6KMyZrmGCvkbP,0.7981867841830069
66MdjrPof7dj6oZMx,0.012431649306270701
3WnnNWfLyZcQTDXfD,0.9626731149196867
4TcrfBvE392Mtdmms,0.010986941956886953
Bbw7d9d4JAW9C6ABc,0.0024726233781273183
8dSGxbKibddRhCKkd,0.9984988187863454
HySuxeqwHa4nnXCTP,0.00048785703166754176
s7ubX5qs8K7rta58C,0.9959298619111753
KkrkrmEkzD7eaQYoi,0.00004641647637387742
rGvA3K6eFrxGvvnnZ,0.8807970716782672
CJWbZzeu5Z3hQmwiy,0.000005422219869633413
7SzWPEdbpXbh2P3dK,0.00010889690630268582
gLjpuD8izF4B5FbWo,0.0024726236232983766
Ds5udSXsLzdEPZdwo,0.9046505333757315
PL8g7aqoNtDTLWSbW,0.9996200155359398
kbkoiTk9aYLLZumfc,0.9988304901671571
TKGCw3iTEK6NviJR5,0.060086641702571476
67hNzs8wBeSYukS9b,0.01098694448871862
om9YeNb54fYAcZmDP,0.5
KWSMmWAjAzmgGaHK4,0.26894142726835313
tuiJeg5bSP4FXBCNX,0.8807970758780107
sogXMCdz9X7Sq99Bt,0.000006962256671769679
S7ewvjM64nkXJds7v,0.26894141743775646
amvNJfsvLYn7bW9cC,0.9988304896572631
H6Nri5MbFjw6eSqpy,0.7310585904267207
ZrpJ45XJdhuxRSPXa,0.9579122730116572
jwz8ZHEQ4RB3FjDMa,0.00048785701482340516
aZzbnpBcpmdr2Hgrk,0.2689414213699951
KugBfKSQifqSjffDE,0.04208772436778009
noKW9naKdx4DouFMz,0.9995121427964192
ZyaWZefFwhwXYaHqe,0.00004081601287887814
D5aC3kPpZotpWRd8Z,0.00043055705752506054
np7Pyc9FnCpbMTet3,0.9324533063410054
ZqA85Tkor6huztYiP,0.6461965526315421
Jbtrker5wdfasXrKs,0.0003353501759247093
6Zr58gExquWj59vq8,0.9982992777848338
qSTanTfi77GhpMawC,0.20181322870376472
xSBkzHsMEZEYWPuxc,0.8519528019683106
97WKjmckTCB8B5N93,0.09534946231137119
hk_2ca8daef97618fc5,0.8807970643287157
8q4cNEFn9dcLxQsCN,0.5
q5Ap9Dibs5n7f5KKv,0.0075772405760367876
tZtZMDsfNgcMtJcNy,0.008577488075436903
peBaPkRgiNSAr3N7k,0.0006263340384919414
25h2sdDTxKG5JW3Md,0.0011695101620253505
bnaWHkCLSCth3hFso,0.051428533552333844
C9atzWorzYzC3Whki,0.222700126707974
SbftdMz2oyCP9taCr,0.11920292202211756
yRbuu9uxN9avLgdtS,0.8519528070134794
rhN7T7mTckbxEymqP,0.0004698894293654027
EiRrJ42dMProeaC92,0.004070137737785417
GAzvs5kvwHoYZ94Tr,0.9999251537386518
6Qe85EY2r6pm4FWpM,0.9959298620530502
9n9Ax7Q3e4WYiDSRG,0.042087731423141525
MppsFdDrk9sqgCwmp,0.998967768611927
cXiSLZ3JRPGRomRef,0.00026119031029590476
c4wK5cJdCuHbstXqF,0.09534948171940999
PuYey37tcP6ZZfsHE,0.5
BLPx5XwtKsfLnjTso,0.0024726227299287037
3WkGJFx6yBtGpLhqL,0.9626731184052447
fA5oatXZKfZLjKFpW,0.00917365977201352
PnXGqStvyzDNgcenJ,0.9982992775763404
R2R2m7ZePhBAqP25w,0.6224593241517432
o8TixHo5eGtyJSkmv,0.5734633968930445
LNxWf6MoxT4Kz5GMr,0.9999485578462123
N25geRz6EM7ChF4ye,0.06008664565590821
mG3LeC9RvxWBdsFnZ,0.9046505385512082
L6bRF8iZoxYbkHx9Y,0.3208213117193568
wwywY4wS4LjEMYqkF,0.6791786948174932
3PMy4jbjLxizsgTRT,0.0004878570486641658
3j2hQvnHjTzQecgSb,0.8807970758780107
K7W2YrbZ7qGkouhpG,0.025957360383527212
8PXsyesdggky8Tf4B,0.00970847709678429
fj5gTaQDmKmhcvr4S,0.9986749781410742
Qj4fa3KYdPhhWKqCZ,0.0002959572297306484
2MhhknMJNok5Q4Cyp,0.007577241719050425
qqJ8Bb8mCxxivXrsw,0.00006605211500105718
dhF8PMWMtxrcEPXk2,0.8354835316054049
Z6ey3KipCmcDJhbSQ,0.0059110682609920485
zHwBcqNvFCDRYyTxb,0.07585818457798524
Z3L8xPSeRYjN84ppC,0.000017962892145442762
W5kYahsD5gFJwPgmq,0.9217622625138735
FArwj2jPGPYQHaXf6,0.43782349911420193
Y2dPQbE5HFs7DcWB6,0.9525741241118336
iv4oeJA3MphGEndih,0.5621765008857981
q4tMuEMuRfanG6DnA,0.0015011816744033004
Cd7Z6hWCcaNwLh7H3,0.9241418234839422
sqNxeQftsmtujczW6,0.9399133517461847
czrEPBySFhMzbFg47,0.0005392023897160397
2KnyGK5CtsB2Si33z,0.8175744657533918
7RQwqTYq3gsnTDHWe,0.005911067027005392
yrvZoDPmGLX7Mct9q,0.0015011818959448945
jdsHcJq5w7c3t8BhE,0.0000019947296578274856
6ifthhcNcCCtdyyMZ,0.01098694054427727
2eydXzE7L9DvoM4Nw,0.07554251220237046
uTuXdEyAQYKTBHLu4,0.0474258813093662
wh9eHPGR9tQeEEsvW,0.2689414312005919
kf7h5vPfbA7sdtCNg,0.9046505394137876
S2pp25McreSzjsbwe,0.81757447171925
YpMLEWzYuJcWcro3q,0.5926665999540698
JvHYKcGywQ4atRsaT,0.00033535033811275583
28mpYrcctuiZd8Miw,0.0008040857622470357
cRJpuZ94fjKQZaiJA,0.060086652433057455
vgBMK7vPSjR4GiF2b,0.11920293567128432
mHugN4fmYenwgSAny,0.996827317899781
ncbJiM4bjEkegzMgy,0.9875683486802842
zP6D3rJ8tHwL6txKZ,0.999925153810046
YsbgzWBLbfK2sWZxW,0.0013250225688595367
W6SZMFjnkgAdcgRSE,0.2942149721629888
DyrQtqo3LPX3WEiAv,0.010986939631514182
XQpWYgx6oH5pmcm7Q,0.9875683475507905
f4yR9fAjeWaYhoEuT,0.029312227223181567
ZkDLbp2WYirB6qjr5,0.00012809048952066606
wT7mKvh3YyrNvhihG,0.0013250222772115486
QSyDTfQXqz4XuQLKA,0.03732688770346536
pfz8i3wKCA9zmDRiK,0.9999599363228175
Zpnd5Xq4hkWJo5vjD,0.22270013882530884
nFNMX7BzijkogrmEA,0.9999485578458327
dTr7PasJ5NDQw3jM7,0.0006725497106174512
gDtcfugbKPPLgcHhk,0.00970847480859959
fGorCzEZnsMMdenZw,0
TM9tR2txPasPZytLd,0.06008665469210735
BZszku39CEKewi7rF,0.00017952790257437474
3vf6yWKkDjxeuTQzb,0.00170072235880256
FRni2jExmsSchiG9a,0.007577239357825073
Jh49LH6MPpbfP7jZt,0.6224593406020029
tCdoDQ5Q9FjtaFrYZ,0.9940889298686363
jPjx3yuRNdgKtme2c,8.315273143419094e-7
84o2TDf2sEL8srp7d,0.003172683322254213
TvwgKNvCsuJnzafGy,0.0006263342283401013
hk_ad7aafb18fea97b9,0.5621765008857981
738TzDH9g7WBFgHqp,0.06754669365899459
WzSHjh2tpvWFsLp7B,0.002495551763217951
RgKDozBrTeiM3huEk,0.001032230976740987
nYGj3r58d42D3kbvj,0.004609572096784376
KN7tEfy3A2ZevNmur,0.018439659435525307
3HWutDKEnx4GLxYzh,0.32082131607725684
hk_f5b8d8d852284041,0.035253956772463645
BfJKKAas3RFodTJR3,0.962673111290394
yhefCRYvWNNwmP2Li,0.4073334000459302
optGA69ncQ95SRnYb,0.9786707964972078
g8ifyBHSG9kncyn35,0.9046505238873571
SjxC9n2p2rDTANKar,0.00015843624545580157
EmHWAEyjPo3dGR882,0.005911070043221794
4LE48xRAE4K2bAFhs,0.9046505359634699
qkZFyTJt2chrHRuod,0.0001584362736640763
deqYXuonXnhmdPMMx,0.22270013017006962
DqibEjgukAGP9nuHG,0.000058291252931069685
JciRorMyAKY5LQFXy,0.0004305571136024939
o5fgkkd72EXzkAuHE,0.00006128225003526593
66vgMqLhufx4ARAfJ,0.0028009220140265004
4f2qptRpQPiwBYjBY,0.9770226289675038
u6MWLkDugEqEQKgYk,0.0028009269196385823
cA9wy6LsB6vsYZZa2,0.025957355529081093
coe4ivbgG5wbHqSaX,0.4378234991142019
gb3g2YmXuEcKg5S8c,0.005220123924345849
ju4mWG8vJjSKTHdWw,0.0034045892634243856
fQ47FcZQRN6Ku68fr,0.10669059108641991
N58vpSJmKuwDWySfP,0.060086643396858604
D8imGRJJjmFanGKYD,0.9241418248860164
dy9TNRhELppkTtJvi,0.002182716410497947
ojrKj6DAwZ4v2BDx4,0.9399133455337976
LduX8hY8nmx7ihEqu,0.0009110513937391053
vqp8DiADruCh2JfQR,0.007577241079865144
FQBNqYwiKhXPbRFkj,0.40733340004593027
7aSHR99YC4aqWZwLH,0.14804720181556627
Kd8KQ3fJsvbq6qJQH,0.004609572815774793
TPr34zsg5MCr3Moqc,0.18242551485756942
FEQgrWdrDGsz7mqfD,0.9947798738338899
9MMJRnTBbcbJCpjtr,0.000552778596427325
EYzWdBX7z4HQFjHYe,0.0000037266409918608703
dc487NzJbHGRMJKz6,0.18242553126367908
uBTNzFFCZ9qNcGv7P,0.966914021515322
fqAYGZWdWRmQNsYbn,0.5
ucZDc2uPbfNe3WFc8,0.8175744732107146
XT2Cr4GvJ5gnwzmLw,0.8807970695783953
jGiKW5nRT2nke24gg,0.9933071536151482
ZGiNvJDHGSa8Fxv96,0.9796676466573413
dtPgeDWgCMNZhFoh3,0.6513548782915565
x6NKsEHeWMN3TX8P6,0.00015843626878342832